content,sentiment,label
tolong baik setting kamera kamera langsung mode ultrawide baca huruf unggah pakai kamera,positif,1
jelas guna,positif,1
aplikasi tingkat tolong baik susah indonesia tolong sulit mohon ambil foto stnk galeri handphone potret langsung tolong baik,positif,1
aplikasi hapus kendara ganti kaleng tambah ganti nomor plat kendara daftar nomor polisi tolak terang nomor polisi stnk sesuai nomor polisi kendara sesuai masuk sesuai tolong arah admin,positif,1
saran depan sedia import gambar galeri stnk ktp kali gagal maklum handphone pada kamera,negatif,-1
barcode,netral,0
qr kode muncul hasil verifikasi,netral,0
good,positif,1
tolong tim baik sistem isi bahan bakar minyak subsidi kuota tinggal kemarin isi bahan bakar minyak transaksi pemberitahuan riwayat bayar aplikasi contoh bayar tunai pantau penyalahgunaan barcode,positif,1
sulit barcode mohon mudah rakyat indonesia,negatif,-1
aplikasi capai lelah isi data sistem masalah tolong pertamina,negatif,-1
ukur foto biar susah,negatif,-1
kesal kali foto stnk foto kamera foto anggap buram,negatif,-1
mantap,positif,1
mudah sulit unggah foto ulang ulang,positif,1
unggah stnk susah mati,negatif,-1
kualitas kamera aplikasi buruk baca tuh stnk kamera buruk,negatif,-1
daftar gagal foto stnk seta ganti foto stnk ganti nomor polisi sesuai coba,negatif,-1
woyy tolong sok pakai atur barcode urus aplikasi selesai proses reset minggu ganggu kamera bikin buruk buram baik please konsumen tolong buat barcode bikin sulit kamera buruk handphone mahal sekligus lelah,negatif,-1
djmt daftar salah habis anggar,negatif,-1
habis update unggah foto stnk susah foto stnk tolak foto sih subsidi daftar susah gin,negatif,-1
oke mohon metode bayar,positif,1
mantap,positif,1
aplikasi buruk barcode pakai spbu coba cari barcode kendara aplikasi mypertamina unduh menu cari barcode kendara daftar isi data ulang ulang isi data nomor kendara cari daftar barcode unduh pakai kali kali isi bahan bakar minyak,negatif,-1
puas bantu ekonomi,positif,1
mypertamina mantap,positif,1
ubah stnk tahun nomor polisi kendara ubah daftar ulang sulit rubah nomor polisi ubah daftar ulang,negatif,-1
tolong baik sistem daftar kendala sistem gagal mohon baik kualitas kamera kamera buram flash daftar susah tolong kembali kualitas terima kasih,positif,1
mantap muas,positif,1
daftar barcode qris update isi ulang haduuhhh sulit,negatif,-1
my pertamina pakai orang login masuk gagal,negatif,-1
ting kamera wide,negatif,-1
oke mantap,positif,1
sosial media pertamina chat balas adu,positif,1
aplikasi subsidi daftar sulit data full foto stnk bpkb tolak beli mobil bekas unggah tolak kecewa moga spbu shell cepat balikpapan,negatif,-1
bantu,netral,0
mantap,positif,1
good,positif,1
bagus,positif,1
unggah foto ktp gagal susah,negatif,-1
kemarin fitur unggah berkas daftar subsidi,netral,0
pegawai pom banyak canda bicara isi,netral,0
pertamina call center hubung pesan gas blora jawa janji jam pagi jam silah,negatif,-1
praktis sulit bawa uang cash,negatif,-1
aplikasi foto fokus tolak buruk foto resolusi hasil bagus,positif,1
foto buram verifikasi ambil galeri ning mudah bikin susah,negatif,-1
daftar subsidi sulit akses mohon baik,positif,1
kesini unggah stnk sulit baca fokus handphone mending menyantumkan foto saran mah susah orang lot foto stnk hadeehhh suram suram,negatif,-1
sulit daftar bahan bakar minyak subsidi isi data jungkir habis kuota mudah rakyat selamat nikmat ruwet,positif,1
terima foto ktp pemberitahuan tulis merah verifikasi foto ktp gagal aplikasi buruk susah masyarakat bossss tolong bantu masyarakat,negatif,-1
oke,positif,1
aplikasi bantu mudah,positif,1
qr customer tampil,netral,0
daftar nomor rang mob plat baca aplikasi roda solusi,netral,0
login nomor pin,netral,0
blokir bikin normal,positif,1
sulit bikin susah rakyat,negatif,-1
sungguh sulit daftar handphone kualitas rendah foto stnk buram mesti tolak alangkah baik menu ambil galeri mohon bantu kasihan isi bahan bakar minyak sulit,negatif,-1
baik pom ciatel,positif,1
akun masuk klaim kode barcode langsung masuk data repot mah daftar ulang,positif,1
mantap,positif,1
buruk susah ambil subsidi negeri,negatif,-1
mantap,positif,1
foto gagal aplikasi buruk ambil gambar bagus,negatif,-1
susah foto ktp menu edit pilih galeri gagal,negatif,-1
dar tarif bahan bakar minyak aplikasi,netral,0
sulit,negatif,-1
susah lambat,negatif,-1
tolong sulit lalap gagal daftar sesuai suruh heran,negatif,-1
aplikasi sulit,negatif,-1
klik ambil foto foto buram buruk susah,negatif,-1
komplain respon jawab terang barcode blokir isi syarat id lapor jelas tim tim sinambung selesai rugi barcode salah curi oknum spbu tegas tim kait tanggung,negatif,-1
aplikasi sulit ambil foto stnk,negatif,-1
sulit mudah,positif,1
aplikasi sampah cerita digital buat perintah eh saking buruk unggah data hasil banyak korup ua gnya kali biaya aplikasi hasil aplikasi abal bikin anak ajar software,negatif,-1
oke,positif,1
sulit masyarakat,negatif,-1
aplikasi sulit fitur foto ktp stnk mode buram tolong bantu subsidi ikhlas sulit wajib taat pajak stnk versi baru foto susah niat subsidi verifikasi butuh,negatif,-1
good,positif,1
pertamina kirim kode otp registrasi whatsapp pesan coba ulang handphone android pakai wifi,netral,0
update lokasi spbu nomor lokasi sesuai,netral,0
mantap,positif,1
ambil foto nge buram heran kamera handphone buruk jelek pilih foto galeri gilir ambil foto gambar buram fokus verifikasi tolak salah aplikasi,negatif,-1
aneh gagal verifikasi alas gagal stnk contoh tulis baca gagal anggar bumn aplikasi beres,negatif,-1
spbu aplikasi gilir bayar pakai mypertamina error,netral,0
ambil barcode,netral,0
daftar jirrrr foto ktp tolak jir,netral,0
atur fokus aplikasi fitur cahaya pindai stnk hasil buram baca aplikasi,positif,1
tangan daftar unit lambat minggu daftar unit gara daftar roda mobil tuju subsidi sulit rakyat,negatif,-1
sulit,negatif,-1
daftar ganti plat pajak ganti plat daftar kode qr,netral,0
kamera foto berkas pakai kamera ultrawide kamera utama akses aplikasi paham kamera ultrawide milik hasil foto bagus kamera utama bagus ultrawide tolong timbang kembang kasihan masyarakat daftar hasil foto gagal,positif,1
susah daftar pakai ktp,negatif,-1
akun,netral,0
mantap,positif,1
kaya tanggap coba ulang kali unggah ktp hubung email solusi butuh mohon baik,positif,1
masuk foto stnk galeri foto langsung gagal stnk sesuai,negatif,-1
tingkat bagus batu,positif,1
kelas otp masuk masuk,netral,0
laris sulit desain chrome admin ubah ubah sistem daftar program perintah pakai foto handphone pakai foto live susah bidik kamera bagus sulit guna,negatif,-1
mobil tua daftar barcode pajak mati warna mobil sesuai warna besi tinggal stnk rusak bayar pajak miskin mohon hilang barcode pakai barcode orang kaya mobil mewah susah mobil buruk isi tamak,negatif,-1
coba,netral,0
solusi pusat bantu daftar mypertamina vc unit mobil,negatif,-1
bagus,positif,1
tolong update aplikasi aju kali tolak foto stnk murni salah aplikasi kamera buram buka aplikasi mypertamina buka aplikasi bawa handphone kamera bagus buram,positif,1
mudah transaksi terima kasih,positif,1
tugas erti bayar pakai my pertamina erti malas,negatif,-1
tolong tambah metode bayar via dana,netral,0
manfaat,netral,0
tanggal kemarin kirim email sanggah negative list kode qr blokir alas isi bensin kapasitas qr blokir isi subsidi nyata syarat jelas follow up kait minggu chat email facebook instagram jawab suruh tunggu kecewa,negatif,-1
bantu,netral,0
kendala daftar kendara coba kali solusi buat sistem kirim data stnk foto kendara gagal pesan salah sistem silah coba,negatif,-1
praktis,netral,0
mantap,positif,1
tambah unit subsidi subsidi data kirim salah sistem kali kali coba,negatif,-1
susah bikin barcode,negatif,-1
bagus,positif,1
fitur ganti nomor hubung gopay ovo,netral,0
daftar gagal blanko stnk habis telepon call center solusi stempel blanko tanda proses tolong depa solusi,negatif,-1
puas,positif,1
mantap,positif,1
atur susah barcode kedaluwarsa update daftar ulang sulit stnk terang,negatif,-1
mantap alhamdulillah jadzakallaah khair kashiraahu,positif,1
daftar susah tolak data sesuai isi minyak pakai barcode dapat barcode susah ampun benah,negatif,-1
proses kendala pindai stnk alas stnk hologram buka hologram tulis stnk buka sobek admin,negatif,-1
poin bayar cash tunai kompetitor belah,netral,0
bantu antri cruiser,netral,0
susah orang,negatif,-1
moga pom pakai mypertamina,netral,0
update sulit lambat my pertamina hemmm,negatif,-1
aplikasi sulit rakyat,negatif,-1
sulit masyarakat aplikasi baru kaya gin repot bikin ambil galeri foto ktp langsung foto tolong adakan aw buat terima kasih,negatif,-1
puas terima kasih layan bagus,positif,1
login format salah nomor handphone sandi ganti sandi,negatif,-1
ambil gambar ktp super buruk habis ktp bilang pakai kamera super,negatif,-1
mobil daftar,netral,0
unggah foto stnk unggah galeri file unggah kamera langsung buram sebab verifikasi tolak bikin darah unggah stnk kamera foto buram mohon baik baik kecewa unggah foto buram pakai android,negatif,-1
mantap mantap,positif,1
admin roda ganti langsung otomatis roda mobil pilih otomatis verifikasi tambah barcode blokir atas selesai atas tolong bantu admin biar alami selesai isi solar admin barcode atas proses tolong bantu,positif,1
foto aplikasi buram kali coba foto stnk gagal aplikasi sengaja susah registrasi aplikasi cus,negatif,-1
bayar linkaja,netral,0
update pakai curang spbu isi pegawai bilang pakai mypertamina pegawai kurang isi pegang lepas full tuas main pegawai jari tarik lepas isi curang isi drum dirigen tong laku layan isi aneh cctv bukti cek cctv,positif,1
seta ganti plat nomor niat update aplikasi fitur ambil foto stnk buram mohon baik kasih fitur ambil foto galeri,positif,1
kamera web foto stnk besar fokus hasil buram tolak ulang kali sulit registrasi,negatif,-1
input manual update enak susah baru mudah sulit,positif,1
aplikasi customer pcc kocak mobil daftar isi formulir mohon tuju daftar ulang hubung customer pcc suruh isi formulir mohon coba isi formulir mohon tunggu bulan hubung pcc suruh daftar pasti tidak aplikasi customer pcc buruk,positif,1
oke mantap laaaa,positif,1
aman daftar unggah foto stnk sulit mohon aplikasi baik admin,positif,1
foto stnk unggah mohon bantu foto unggah bagus foto baca sistem tolong pertamina foto unggah album mudah,positif,1
mantap,positif,1
kek bayar pakai gopay spbu mesin edc rusak rusak jamaah,negatif,-1
bagus,positif,1
foto stnk ambil galeri kaya,positif,1
kualitas buruk update unggah foto kamera buram fokus,negatif,-1
cepat praktis aman,positif,1
aplikasi customer whatsapp rekrut cepat worth call center email telepon via video call aplikasi antri urgent,positif,1
guna mudah kendala pom desa pom bayar pakai mypertamina moga optimal pom,netral,0
cepat pakai antri,positif,1
moga,netral,0
sial,netral,0
kamera ambil foto stnk kamera aktif buram sulit guna,negatif,-1
ajar,netral,0
kamera subsidi foto stnk daftar barcode kamera buram coba handphone susah daftar tolong baik,positif,1
sulit maksimal fitur,negatif,-1
lumayan wlo susah daftar,positif,1
tadu unduh gagal cepat,negatif,-1
admin daftar ubah nomor plat gagal,negatif,-1
aplikasi rang foto data stnk aplikasi hasil buram tes kamera bawa handphone cerah saran tambah fitur unggah sistem kamera aplikasi kurang resolusi olah handphone kamera buruk,positif,1
hasil update foto pilih pakai kamera default hasil tangkap foto serasa lambat lot turun kualitas aplikasi sulit daftar pakai handphone ram pakai handphone ram unggah foto stnk gagal pakai wifi data gambar mb gambar rasa beda susah unggah foto,negatif,-1
pom bensin tolak mesin rusak alat barcode bikin aplikasi,negatif,-1
foto kamera stnk pilih kualitas foto pilih galeri foto buram kamera handphone jernih,positif,1
aplikasi bagus tampil tagih gas kembang baik,positif,1
kali kali coba daftar unit verifikasi tolak alas foto stnk baca baca kamera aplikasi bikin buram,negatif,-1
manfaat ojek online,netral,0
gin susah susah,negatif,-1
kali kali foto stnk buram gambar buram foto kamera tolong benar bikin sulit masyarakat,negatif,-1
login reset pin link masuk whatsapp,netral,0
cepat pakai mypertamina,positif,1
bantu,netral,0
aplikasi buruk ambil foto kamera buram mb sih bikin rakyat susah beli solar pom liter nelayan pakai barcode barcode beli ecer rasa beda uang si selisih pas harga tolong bikin aplikasi sulit pakai kuota nyekik,negatif,-1
website subsidi sulit pakai ktp digital website kelas perintah sulit ambil foto ktp galeri bikin bijak imbang teknologi mudah kantor sulit,negatif,-1
ambil gambar galeri langsung foto aplikasi,positif,1
keren,positif,1
kaya galeri foto foto langsung stnk foto stnk asli langsung foto layar salin coba foto potong sering salah sistem foto buram fokus kamera tolong admin update foto galeri foto,positif,1
mohon buat barcode subsidi unggah foto stnk baik foto kamera buruk foto tempat cahaya terang,positif,1
isi bensin langsung pakai gopay,positif,1
bolak unggah data selesai verifikasi akun kabar,netral,0
mantap,positif,1
kacau mypertamina verifikasi tolak data database tolong woi ambil galeri foto kamera,netral,0
bagus,positif,1
terima kasih,netral,0
buruk kualitas kamera buram,negatif,-1
oke,positif,1
kendala hubung gopay metode bayar mohon baik terima kasih,positif,1
aplikasi aneh verifikasi data sesuai gagal isi keliru,negatif,-1
bagus,positif,1
aplikasi error,netral,0
sulit daftar foto stnk gagal aplikasi yaaallllahhh seng ter,negatif,-1
bantu,netral,0
bagus,positif,1
unggah ktp pakai aplikasi susah fokus,negatif,-1
tugas,netral,0
good salam mypertamina tolong bantu barcode subsidi pertalite pendar kendara akun verifikasi tolong arah terima kasih,positif,1
muat ulang,netral,0
barcode ulang kali reset barcode mobil pakai barcode atur verifikasi nomor plat barcode,netral,0
tolong baik foto stnk file mb atas salah,positif,1
server masalah,netral,0
tolong sistem baik ambil foto buruk hasil foto buram sulit bikin darah balik ambil foto galeri,negatif,-1
jual gas,netral,0
bantu aktivitas hari,netral,0
aplikasi bodoh fungsi rakyat susah pasang aplikasi bodoh,negatif,-1
pertamina bagus suka warga negara indonesia cinta produk indonesia,positif,1
cek tagih gas pgn,netral,0
baik akses kamera ganggu,positif,1
mantap,positif,1
mantap lancar,positif,1
buruk masak tolak kirim foto,negatif,-1
aplikasi pakai ambil foto izin aplikasi kamera izin admin,netral,0
sulit saat lihat barcode login daftar,negatif,-1
verifikasi data lurah pilih ketik manual,netral,0
update bagus nge error ayo guna turun bintang biar baik aplikasi,positif,1
sulit daftar barcode ulang kerja ade,negatif,-1
tolong baik kamera unggah stnk buram kamera bagus ambil galeri pakai kamera bawa bagus ambil galeri tolong baik,positif,1
good,positif,1
aplikasi buruk isi data lap habis isi isi verifikasi foto hasil menu foto ambil galeri harus foto settingan default kamera aplikasi mode wide aplikasi mudah bikin susah,negatif,-1
susah payah dapat poin ratus angin hujan poin hilang refresh bodoh tuh poin terima kasih,negatif,-1
aplikasi laku paksa karyawan spbu fake transaksi lawak pertamina,negatif,-1
qr kode mypertamina beli kendara show room bekas tangan kendara daftar nomor polisi my pertamina daftar mypertamina tolak mohon jelas saran terima kasih,netral,0
unduh isi jaga bilang pakai mypertamina,netral,0
registrasi pandu foto stnk foto mobil tolong jelas terima kasih,netral,0
oke,positif,1
coba web aplikasi dua tolak coba kali tolak terang mobil daftar beli mobil second barcode kayak solusi bismillah moga ulas mypertamina depan temu solusi,positif,1
aplikasi salah sistem urgent sulit fitur kamera langsung aplikasi lot handphone lot tolong kembang mang bijak perhati mudah akses,positif,1
kamera buruk input foto,negatif,-1
login nomor handphone pin reset pin pakai pin login,netral,0
cocok,positif,1
aplikasi beban lihat qr sulit login,negatif,-1
cacat gilir capai antri aplikasi error pergi tarik tunai antri,netral,0
mantap sasar,positif,1
pakai barcode ganti plat bikin barcode unggah stnk ganti handphone unggah galeri susah sih,negatif,-1
aplikasi buruk salah barcode sengaja barckode data kendara valid susah barcode faktor kurang kendara bahan bakar minyak terima kasih,negatif,-1
aneh aplikasi kendara daftar login web guna aplikasi buang anggar,negatif,-1
update,netral,0
mantap cepat aman,positif,1
stnk input galeri sungguh repot,positif,1
barcode orang coba bikin adu gagal gagal aplikasi cacat,negatif,-1
sulit ubah data kali foto stnk gagal kamera buram hadeuh sulit hidup sulit sulit ma aplikasi,negatif,-1
oke,positif,1
fungsi,netral,0
error kirim data stnk foto kendaran,netral,0
sulit,negatif,-1
good,positif,1
pds akses aplikasi baca maps masuk alamat susah beli gas sulit,negatif,-1
oke,positif,1
sistem masalah unggah dokumen kamera hasil buram aju tolak,netral,0
admin tolong kali verifikasi tolak foto stnk anggap hitam putih foto salin asli foto berkas stnk asli pakai iphone hasil buram png jpg jpeg tolong kasih solusi,positif,1
bayar gas bumi login,positif,1
unggah stnk gagal,negatif,-1
data tolak terang libat halang kamera aplikasi web buram aneh,positif,1
aplikasi nyaman daftar foto kamera aplikasi unggah stnk fokus susah daftar barcode,negatif,-1
akses halaman subsidi refresh halaman aplikasi bumn aplikasi anak magang buang label bumn mu malu malu in,netral,0
tolak foto stnk foto kamera aplikasi buruk foto fokus besar,negatif,-1
pulang update sistem enak susah aneh,positif,1
sistem sibuk ikut atur susah,negatif,-1
tolong baik subsidi tepat pegawai spbu barcode menit kemarin kemarin foto ubah kamera bawa handphone kamera google buruk buram,positif,1
bintang lanjut,positif,1
bantu,netral,0
coba daftar ulang kirim adu alamat email hasil kendara daftar isi formulir keluh kali unit daftar bantu,negatif,-1
oke,positif,1
unggah stnk ambil galeri langsung ambil foto kamera cembung normal jatuh sulit mudah,positif,1
good,positif,1
tugas spbu tolak isi bahan bakar pertalite alas barcode masalah,negatif,-1
mantap,positif,1
luncur notifikasi kirim selamat sistem sulit,negatif,-1
update posisi letak spbu nitik kebun kebun sesuai,netral,0
update data efektif,positif,1
tolong sulit masyarakat ekonomi tengah bawah pasang aplikasi registrasi hasil registrasi tolak lengkap data mobil lcgc beli bahan bakar susah ampun,negatif,-1
mantap,positif,1
turun bintang,negatif,-1
daftar tolak,netral,0
bagus,positif,1
aplikasi bagus akses subsidi suruh foto stnk selesai sesuai mb error kamera aplikasi milik rating jelek bikin kesal opsi pilih galeri wow cerdas sulit orang saran pilih unggah galeri moga orang tanggung benah doa rasa pecat miskin,negatif,-1
promo please,netral,0
daftar langsung qr kek suruh tunggu lapor keluh selesai tunggu selesai tuju daftar roda roda menu bikin keluh tunggu bulan jam parah stnk bpkb jenis bahan bakar minyak solar masuk pertalite otomatis qr guna kacau sulit habis kek,negatif,-1
masuk chrome sandi pakai abjad aplikasi sandi nomor,netral,0
update pakai kamera bawa aplikasi aplikasi susah rakyat kamera dukung aplikasi kaya sampah,negatif,-1
baru unggah foto stnk bentuk jpg susah daftar subsidi tepar,negatif,-1
good,positif,1
buruk layan buruk buruk akses ratus juta orang gampang,negatif,-1
kualitas bahan bakar minyak sampah mending isi shell vivo bp isi pertamax kaya ron cek tangki bahan bakar minyak keruh jernih,positif,1
oke,positif,1
salah sistem salah sistem salah sistem coba ratus kali hasil,negatif,-1
lambat layan email phone sulit masyarakat mobil roda roda proses selesai desember februari,negatif,-1
muas,positif,1
oke,positif,1
registrasi susah sulit cocok dinjadiin slogan kali kesal serius ubah bintang benar sistem,negatif,-1
hai pertamina baik sistem usaha uang gin aplikasi tolong hormat direktur utama pt pertamina aplikasi susah rakyat daftar masuk sesuai stnk kendara tolak nomor polisi masuk beda daftar payah,positif,1
kesini sulit ambil foto stnk mobil galeri ambil foto fokus ukur foto enak enak versi ambil foto galeri update kek gin sulit ambil foto buram,positif,1
aplikasi buruk bantu sulit,negatif,-1
konoha bagong up load foto stnk pajak susah ampun,negatif,-1
alhamdulillah bantu,netral,0
tolak daftar barcode gara foto stnk payah pertamina,negatif,-1
foto stnk kamera aplikasi susah foto buram tolak daftar subsidi sengaja sulit rakyat subsidi fitur foto ambil galeri foto stnk pakai kamera aplikasi buruk,negatif,-1
beli mobil second barcode isi bensin pertalite daftar daftar jual mobil barcode kak sulit beli bahan bakar mohon bijak terima kasih,positif,1
bagus,positif,1
kembali mypertamina unggah foto galeri,netral,0
sulit daftar,negatif,-1
oke gas oke gas,positif,1
turbo mantap,positif,1
mantap,positif,1
promo,netral,0
sempurna,positif,1
daftar sulit,negatif,-1
bpkb hasil pindai bpkb gadai beli unit,netral,0
aplikasi,netral,0
aplikasi buruk gratis aplikasi aplikasi saking susah bikin qr kode manfaat bikin qr kode bukti aplikasi susah aplikasi bikin qr kode coba bikin aplikasi rakyat mudah bro,negatif,-1
jangkau indonesia,netral,0
kesini kendala daftar barcode unggah foto stnk pilih galeri foto langsung sulit daftar tunggu verifikasi kemarin tolong baik enak pilih unggah galeri,positif,1
cinta produk negeri bahan bakar minyak indonesia,positif,1
daftar subsidi salah sistem bulan baik,positif,1
efektif guna tindak verifikasi orang rajin bayar pajak bahan bakar minyak sulit,positif,1
data hack email balas,netral,0
sistem buruk,negatif,-1
bintang,netral,0
bantu,netral,0
update baru daftar subsidi sulit tunggu verifikasi kaya update,negatif,-1
layan,netral,0
kasih barcode baca,netral,0
registrasi tuk unggah foto ktp stnk pakai aplikasi playstore google chrome,netral,0
qr bayar kamera buram bayar aplikasi aplikasi mobile banking qr bayar,netral,0
oke,positif,1
oke,positif,1
verifikasi email gagal kode otp aduh maksud hai mypertamina,negatif,-1
coba,netral,0
sulit masuk,negatif,-1
tolong baik kali daftar error,positif,1
tolong benah aplikasi menu tukar poin kali barang kirim jelas korban php,positif,1
mohon baik sulit unggah file jpg foto terang bantu unggah file jpg,positif,1
mudah,positif,1
tingkat aplikasi layan bagus mantap pertamina,positif,1
barcode ulang susah ampun susah rakyat,negatif,-1
manfaat,netral,0
oke praktis,positif,1
mantap,positif,1
verifikasi data,netral,0
daftar sulit foto kali ktp suruh ulangin aneh aplikasi coba butuh pakai barcode pakai,negatif,-1
nice,positif,1
sulit foto ktp gagal,negatif,-1
sulit beli bahan bakar minyak pakai voucher kali kali gagal wal hasil tunggu jam isi bahan bakar minyak,negatif,-1
manfaat,netral,0
mantap,positif,1
daftar barcode cepat verifikasi sulit aplikasi sampah,negatif,-1
perdana isi pakai mypertamina ojol lancar mantap voucher subsidi ojol gojek aplikasi asli anak bangsa hehe,positif,1
unggah foto galeri foto langsung tingkat bu tidak unggah foto stnk langsung ambil galeri foto ulang tolong baru susah daftar,negatif,-1
kamera buram fokus foto stnk pakai iphone,netral,0
aplikasi mudah sulit,negatif,-1
aplikasi buruk daftar suruh foto ktp tunggu verifikasi data selesai jam sulit aplikasi sampah,negatif,-1
senang,netral,0
update buruk lot lambat gampang mypertamina lot enak fitur,positif,1
keren,positif,1
mantap,positif,1
buruk tunggu verifikasi data error,negatif,-1
tolong laa pom bensin kasih edc sulit isi mypertamina saran,negatif,-1
foto ktp kotak gagal,negatif,-1
pilih foto bagi subsidi pasu foto ktp stnk mobil foto handphone,netral,0
oke,positif,1
bagus papua repot uang bayar duluan isi bahan bakar minyak,positif,1
registrasi,netral,0
keluh jawab template hai mohon maaf tidak nyaman alami admin butuh data dukung admin solusi kendala sila sobat salah kanal interaksi pertamina call center instagram bantu kece bantu,negatif,-1
oke,positif,1
asyik,positif,1
bingung barcode kasihan paham perintah milik handphone android gagap teknologi hidup zaman serba urus,negatif,-1
mudah simpel,positif,1
oke,positif,1
aplikasi ganggu talang jambe spbu palembang,netral,0
ambil foto beranda,netral,0
coba,netral,0
bagus,positif,1
mantap,positif,1
mantap,positif,1
barcode update bulan takut salah contoh punya barcode pakai isi bahan bakar minyak takut barcode salin salah baru langsung verifikasi nomor telepon akun foto sulit,negatif,-1
mantap,positif,1
salah input edit spbu bantu buat suruh bayar,negatif,-1
kasih bintang bagus kasih bintang,positif,1
baik aplikasi ulang kali coba tolak sesuai nomor ktp maksud,positif,1
daftar barcode,netral,0
pertamina aplikasi update tanggal februari siang data mobil hilang mohon bantu,netral,0
oke,positif,1
bagus,positif,1
masuk nomor daftar login bilang format salah,negatif,-1
foto stnk unggah,netral,0
mudah aktivitas hari,positif,1
oke,positif,1
aplikasi bagus unit pemberitahuan aplikasi sibuk,positif,1
tolong bikin barcode mobil beli orang nama pasti plat mobil solusi bikin barcode mobil nama iya tunjuk solusi,netral,0
terima kasih aplikasi mudah unduh susah barcode,negatif,-1
oke,positif,1
usaha pertamina bikin aplikasi lot,netral,0
bagus,positif,1
nomor good,positif,1
keren mantap mudah terima kasih,positif,1
antri,netral,0
bagus,positif,1
barcode salah orang hak tolong pertamina tambah kode otp isi bahan bakar minyak,negatif,-1
oke mypertamina,positif,1
barcode status pakai pegawai pom banyak kongkalikong ketap bensin nomor plat sesuai kasih ceper situ,positif,1
mudah,positif,1
mudah transaksi siap paket data handphone tab wifi spbu support mudah transaksi customer,positif,1
aplikasi bikin orang sulit susah keluh nomor tanggal desember komplain tanggal desember ikut up solved omong data mypertamina kendara volume silinder tulis roda sistem mending cancel kerja bisa susah orang,negatif,-1
mantap,positif,1
pakai mobil roda data tulis roda urus samsat tolong mudah praktis,positif,1
capai unduh aplikasi isi dana ovo spbu jalur my pertamina tutup alas ganggu jaring parah area sulawesi utara,negatif,-1
aplikasi sinkron samsat ganti plat nomor daftar ulang sulit negeri konoha,negatif,-1
mantap,positif,1
pikir kasih bintang,positif,1
tele tele proses,negatif,-1
sulit,negatif,-1
praktis driver online bantu pakai mypertamina bayar pakai saldo ovo,netral,0
pakai orang,netral,0
oke,positif,1
good job,positif,1
dukung handphone foto loading handphone dukung ambil galeri sayang foto stnk pilih galeri bantu daftar,netral,0
admin biaya agen gas lpg,netral,0
voucher potong harga isi bahan bakar minyak voucher pakai,netral,0
good,positif,1
data agen gas daftar kosong susah cari gas melon kg,negatif,-1
kacau aplikasi daftar susah,negatif,-1
mudah aman,positif,1
kode otp coba whatsapp pesan coba,netral,0
daftar guna lpg kg aplikasi lari website guna aplikasi dar informasi aplikasi guna lari website digital digital haha heran plat merah,positif,1
mantap,positif,1
mantap,positif,1
dzolim,netral,0
daftar unduh beranda nik daftar,netral,0
oke,positif,1
deteksi lokasi muncul tulis aplikasi deteksi lokasi google maps,netral,0
transaksi mypertamina poin,netral,0
bagus aplikasi,positif,1
bantu,netral,0
bantu,netral,0
oke,positif,1
daftar pertalite subsidi gagal bolak pasang beberapa handphone gagal,negatif,-1
gas kg langka,positif,1
layan baik,positif,1
aplikasi plat merah payah data darimana roda roda payah,negatif,-1
buruk,negatif,-1
oke,positif,1
kode qr muat data mobil,netral,0
repot barcode mypertamina aplikasi tolong mudah,positif,1
guna telepon call center pulsa habis operator bicara perintah bikin susah rakyat,negatif,-1
unggah foto kendara,netral,0
pesan gas via website via telepon menit layan tugas dengar,netral,0
beli gas elpiji non subsidi suruh beli aplikasi eh aplikasi putar kelas pertamina bikin aplikasi kaya gin,netral,0
aplikasi error buka qr kode halaman muat ulang baik error,positif,1
aplikasi manfaat bayar mypertamina spbu tolak kali alas terima cash kecewa,negatif,-1
innova pertalite,netral,0
halaman verifikasi kode verifikasi kirim kirim whatsapp pesan ulang nomor daftar sulit,negatif,-1
bagus,positif,1
kecewa voucher pakai potong dana linkaja,negatif,-1
gas warung kelontong agen bagi kalo beli usaha berat,negatif,-1
spbu tempat jalan betoambari kota baubau boleh bayar pakai mypertamina wajib bayar tunai sayang,netral,0
layan pds semua semua layan pds,netral,0
nama perintah beres sadar masyarakat kasih bintang ulas kritis beres mudah sulit,positif,1
alamat gagal ulang beli gas bingung,negatif,-1
tolong sistem kondisi lapang masak gara gara stock stnk samsat habis daftar bahan bakar minyak subsidi unggah stnk habis stock unggah stempel samsat,netral,0
keren,positif,1
cek mypertamina,netral,0
pegawai ramah pecat bintang sikap daerah bandar lampung samping sekolah taman siswa teluk betung perempuan tanggal februari jam nyaman layan peduli sombong,positif,1
aplikasi daftar buruk sulit,negatif,-1
selalu isi pakai kode qr lihat riwayat proses transaksi guna kode kosong,negatif,-1
mantap,positif,1
aplikasi bantu jangkau luas,negatif,-1
oke mantap,positif,1
minggu coba daftar gagal registrasi suruh coba coba minggu coba ubah pakai barcode sulit daftar tolong mypertamina baik aplikasi biar masyarakat mudah akses daftar masyarakat senang mypertamina senang terima kasih,positif,1
bantu buat barcode terima kasih pertamina,netral,0
aplikasi bagusbisa bayar online qris subsidi terima kasih,positif,1
data plat kendara isi sesuai arah eh sandi salah mau pertamina,negatif,-1
mudah beli bahan bakar minyak,positif,1
kelas pertamina bikin sesat,netral,0
manjay mantap jaya,positif,1
maaf kasih bintang mohon baik lokasi tolong arah aplikasi maps salah mohon baca admin pertamina,negatif,-1
mantap,positif,1
aplikasi dana mudah,positif,1
mudah,positif,1
bantu,netral,0
kembang tolong baik error maps recall jhonson base camp hero mentang isi pertalite hero recall langsung room,negatif,-1
susah daftar susah,negatif,-1
tolong tambah menu lokasi pangkal lpg,negatif,-1
history otomatis masuk,netral,0
terima kasih mypertamina is good,positif,1
praktis,netral,0
bantu beli bahan bakar minyak pertamina,netral,0
voucher sampah beli pilih bayar voucher,netral,0
bintang nol mah nol kali kali unggah ktp terang aplikasi baca si alas tolak foto aneh,negatif,-1
aplikasi fitur buruk lepas koneksi bayar gopay bilang tingkat sistem email customer service balas,negatif,-1
sulit pakai barcode mobil mewah isi,negatif,-1
aplikasi mypertamina cek pom dekat isi bahan bakar minyak subsidi rubah daftar mobil diesel bensintrim,netral,0
canggih pertamina akan halus batas subsidi bahan bakar minyak guna mobil stnk proses urus gerai isi minyak nama pertamina boleh isi bahan bakar minyak subsidi barcode,positif,1
kirim data kendara,netral,0
ulang,netral,0
lambat error buffering masalah,negatif,-1
akun tulis muat ulang muat ulang muat ulang muat ulang klik muat ulang kacau aplikasi,netral,0
parah aplikasi pakai spbu pertamina,negatif,-1
mantap,positif,1
lambat,negatif,-1
tingkat mutu layan terima kasih,netral,0
mantap,positif,1
oke,positif,1
serba sulit daftar login sulit login,negatif,-1
logout login pakai nik,netral,0
mantap,positif,1
nice,positif,1
transaksi cepat mudah pegawai spbu ug ramah,positif,1
daftar kendara error coba ulang kali error salah sistem qr kode spbu layan qr mohon baik sistem,negatif,-1
baru aplikasi hapus,positif,1
cepat,positif,1
super,positif,1
tolong mantap up pakai banking,positif,1
keren,positif,1
oke tahan sinyal bagus,positif,1
susah masuk data kendara subsidi tolak,negatif,-1
update navigasi maps hubung kartu debit gagal ulang ulang,negatif,-1
mantap,positif,1
registrasi mypertamina isi pertalite mobil jalan yogya bandung eh isi pertalite cek mypertamina perintah muat ulang klik kali telepon data data aneh aplikasi turun bintang,negatif,-1
kecewa sengaja isi saldo bayar pakai aplikasi pom guna aplikasi,negatif,-1
harga pertamax rp wajar naik perlahan rp rp rp keri naik harga bahan bakar minyak kualitas pertamax suka delay naik harga pertamax cekik,negatif,-1
gopay tabung sulit pakai ovo,negatif,-1
bantu masyarakat minyak habis langgar,netral,0
suruh pakai aplikasi error,netral,0
minggu daftar kendara kena gagal sistem hubung call center kali solusi masuk data nomor dihubungin ubah gagal sistem hubung kait kendala,negatif,-1
good job,positif,1
layan,netral,0
aplikasi update,netral,0
bagus,positif,1
mantap,positif,1
oke,positif,1
bagus,positif,1
mantap,positif,1
good,positif,1
bingung habis bahan bakar minyak bulan,negatif,-1
panggil video call antri tunggu jam susah,negatif,-1
admin daftar alat tani yah,netral,0
mudah proses,positif,1
terima kasih ban uan,netral,0
oke,positif,1
kecewa aplikasi data hilang update masuk data error nomor handphone daftar akibat milik kendara rugi hilang barcode,negatif,-1
tarik bantu,netral,0
keren,positif,1
mohon step mudah,positif,1
oke,positif,1
error customer respon,netral,0
oke,positif,1
mantap,positif,1
mantap,positif,1
akun mypertamina sulit akun bikin sulit pakai ribu orang wajar error sulit buat,negatif,-1
oke,positif,1
excellent,positif,1
orang susah kerja driver on line grab barcode subsidi mypertamina pakai subsidi pertamina jalan kerja driver online mohon sedia layan subsidi pertamina sudi bantu driver online terima kasih sedia aplikasi subsidi,positif,1
aplikasi buruk ganggu mudah jaring bagus pemberitahuan suruh muat ulang kocak,negatif,-1
bantu,netral,0
hubung link isi bensin,netral,0
barcode aneh,negatif,-1
pom bensin ub samping rumah sakit antonio baturaja sumsel isi full bayar pakai mypertamina nominal full sistem rugi mantap up kena biaya lebih uang cash guna aplikasi rugi terima kasih,positif,1
good,positif,1
layan spbu maksimal,netral,0
mantap,positif,1
aplikasi sulit lebih sulit aplikasi perban beli pinjam syarat syarat barcode beli rumah payah,negatif,-1
layan masyarakat good,positif,1
sulit layan lancar,negatif,-1
terima kasih,netral,0
oke,positif,1
aplikasi buruk salah jaring unggah,negatif,-1
bagus mantap,positif,1
buka menu bahan bakar minyak subsidi halaman muat,netral,0
mantap,positif,1
payah kendara mending balik jaman purba,positif,1
bantu bawa uang cash tolong pertamina bahan bakar minyak murahin,netral,0
qr,netral,0
sih daftar subsidi salah sistem loh coba tolong,negatif,-1
nice,positif,1
fitur oke metode bayar lumayan lengkap isi bahan bakar minyak spbu tugas bilang mypertamina unduh spbu situ barcode unduh aplikasi mypertamina,positif,1
moga manfaat,positif,1
bintang layak mobil anggur isi bensin data verifikasi gagal barcode sistem sibuk,negatif,-1
akun subsidi salah sistem remeh sistem pertamina sistem siap tahun paksa jalan prihatin,negatif,-1
bagus,positif,1
oke,positif,1
mudah,positif,1
mantap,positif,1
spbu kode qr menu unduh kode qr sulit akses pakai sandi pin masuk aplikasi aman akses ubah pin klaim pakai,negatif,-1
aplikasi cacat pemberitahuan halaman muat sayang uang negara buang bikin aplikasi gagal,negatif,-1
coba,netral,0
oke,positif,1
salah sistem bikin akun beli bensin sulit pertamina heiiiii susah rakyat,negatif,-1
isi bensin aplikasi pikir orang habis kuota habis baterai ganggu sinyal handphone tinggal minyak habis isi isi kasih isi tuh minyak,negatif,-1
daftar unit gagal alas sistem error tolong selesai,negatif,-1
keren,positif,1
mantap,positif,1
habis update error aplikasi dikte data hehehe,netral,0
susah update,negatif,-1
mantap,positif,1
oke,positif,1
aplikasi abal abal mudah blokir barcode,negatif,-1
bagus,positif,1
great,positif,1
update menggangu transaksi,netral,0
registrasi nomor handphone daftar reset pin login format salah nomor handphone daftar daftar mau aplikasi plin plan gin,negatif,-1
aplikasi buruk kirim data hasil salah sistem kirim data kendara jam suruh coba gila,negatif,-1
bikin emosi daftar sulit,negatif,-1
daftar kode barcode aplikasi sampah,netral,0
mudah mudah sasar,positif,1
oke,positif,1
oke,positif,1
keren aplikasi manfaat,positif,1
cie proses digitalisasi zaman covid hasil aplikasi selamat,positif,1
update data hilang login masuk data nik aplikasi sampah,netral,0
edit tinggal opsi unduh qr fungsi,positif,1
cepat praktis terima kasih,positif,1
moga layan cepat,positif,1
aplikasi pertamina susah rakyat isi formulir sulit bumn sengsara,negatif,-1
good,positif,1
aplikasi cacat,negatif,-1
isi data bilang kode area sesuai ktp data sesuai ktp kali kali ulang bikin kesal,negatif,-1
aplikasi,netral,0
mantap,positif,1
qr akun subsidi hapus tolong sangkut kembali baik,netral,0
telepon customer ubah data truk minggu ubah bikin rugi,netral,0
aplikasi standar koruptor susah masyarakat unggah foto ktp bikin kesal ulang kali cacat,negatif,-1
nice,positif,1
is the baik,positif,1
aplikasi error daftar barcode,netral,0
mantap,positif,1
mantap,positif,1
oke,positif,1
bagus,positif,1
good,positif,1
bagus subsidi bahan bakar minyak arah awas,positif,1
gagal gagal kode otp kirim kirim data daftar sesuai data sesuai kirim kode otp sampah,negatif,-1
sungguh mantap,positif,1
sulit,negatif,-1
barcode suruh bayar,netral,0
sulit bantu,negatif,-1
good job,positif,1
oke,positif,1
daftar barcode mobil unit mobil bpkb mobil barcode mobil bpkb leasing foto bpkb mobil coba mypertamina suka sulit gun,negatif,-1
sistem update daftar lancar,positif,1
bagus tinggal edukasi sdm depot isi paham,positif,1
bantu beli bahan bakar praktis pilih metode bayar,netral,0
kali barcode mypertamina mudah lancar ridwanmanado,positif,1
oke bikin qr kode,positif,1
mudah masyarakat sulit qr kode verifikasi tunggu tunggu gilir kedaluwarsa bantu nge email slow respon yah aplikasi pakai masyarakat moga depan,negatif,-1
login daftar sandi reset login call gubris lempar kesana ujung ngapain,netral,0
good,positif,1
mantap pom,positif,1
susah bikin,negatif,-1
good,positif,1
susah,negatif,-1
hapus baca komentar kecewa sih tolong revisi biar bintang full aplikasi,negatif,-1
daftar subsidi bahan bakar minyak tolak aplikasi muda sulit,negatif,-1
oke mantap,positif,1
sulit paham guna as aplikasi mypertamina,negatif,-1
bintang,netral,0
bolak coba daftar kecewa aplikasi,negatif,-1
aplikasi sampah daftar aplikasi error era digital sok pakai aplikasi mudah susah,negatif,-1
mantap bantu pegang uang tunai,positif,1
update masuk,netral,0
nomor handphone pin klaim salah sesuai daftar aduh,negatif,-1
daftar input foto stnk gagal kasih pilih input galeri foto kendara,negatif,-1
oke,positif,1
aplikasi repot,netral,0
good,positif,1
mudah konsumen,positif,1
update login ulang mekanisme ambil barcode sulit tipikal aplikasi bumn hati pakai mudah guna paksa sulit adaptasi aplikasi,negatif,-1
terima kasih aplikasi bantu isi bahan bakar minyak,netral,0
aplikasi susah masyarakat proses sulit tambah terkadang server error butuh masyarakat bahan bakar minyak subsidi spbu pertamina wajib barcode proses daftar sulit orang beli bahan bakar minyak subsidi,negatif,-1
layan,netral,0
daftar subsidi hasil foto id langsung tahap tolong aplikasi baik usaha bumn lho gara masalah salur subsidi hambat rakyat jelata beban pajak gilir subsidi sulit,positif,1
oke lancar,positif,1
bagus,positif,1
mantap,positif,1
woii sulit kali daftar otp kasi kasih kek aplikasi sulit kali kelen,negatif,-1
bayar mudah cepat,positif,1
sulit sih,negatif,-1
halah ama web rusak,negatif,-1
aplikasi cacat,negatif,-1
voucher elektronik mypertamina kasih bayar terang voucher metode bayar aplikasi error hih,positif,1
buka subsidi,netral,0
mudah mudah aplikasi mypertamina,positif,1
muas,positif,1
aplikasi bagus,positif,1
oke,positif,1
oke,positif,1
susah masyarakat bijak pertamina,positif,1
pasang sulit bikin barcode pusing,negatif,-1
bahan bakar minyak ber subsidi,netral,0
cepat,positif,1
mantap gopay,positif,1
mutakhir biar cepat akses,positif,1
aplikasi tolol,negatif,-1
gagal kendara temu harap laku baik data subsidi bahan bakar minyak data masuk sesuai,negatif,-1
lihat barcode pertamina,netral,0
masuk nomor handphone tulis nomor daftar,netral,0
payah isi pertalite motor antri gilir isi karyawan pakai aplikasi antri antri mobil barcode pom rawakalong bekas pom kerawang karyawan terima tunai barcode pakai aplikasi pertamina aplikasi bikin pakai habis anggar,negatif,-1
terkadang kendara daftar gagal susah tuk daftar,negatif,-1
kategori subsidi akses coba ber ulang kali email respon hub customer service feedback,netral,0
sulit subsidi bahan bakar minyak isi data input data masuk akun formulir muncul pertamina serius bantu masyarakat tengah data base korlantas mobil daftar isi data subsidi tolak lapor plat mobil ganti putih nomor polisi otomatis ganti tolong pertamina jelas,negatif,-1
aplikasi cacat data base kendara tolak,netral,0
aplikasi bodoh orang belakang memvalidasi subsidi bodoh nama beli mobil bekas cash bpkb on hand langsung pilih menu ambil foto pilih foto galeri loh yah bilang data kendara valid bodoh,negatif,-1
susah kode barcode isi data lengkap payah,negatif,-1
pertamina bumn kelas bumn pakai qris baca mypertamina maksa pakai aplikasi biar laku kasihan mypertamina laku sulit sih bumn sih gagap teknologi,negatif,-1
mantap simpel,positif,1
kendara barcodenya pakai,netral,0
susah sopir handphone android ganti email data isi mypertamina memyusahkan orang da sopir,negatif,-1
barcode susah,negatif,-1
simpel,netral,0
mudah,positif,1
mantap bantu,positif,1
laman program subsidi akses muncul pemberitahuan halaman muat koneksi stabil coba telkomsel wifi,netral,0
habis update aplikasi buka,netral,0
bantu,netral,0
coba sukses barcode tuk beli bahan bakar minyak alas suruh update update data verifikasi stnk daftar error tolong aplikasi baru mudah masyarakat,positif,1
oke kamera lot,positif,1
beli mobil bekas mohon keluh nomor polisi valid aplikasi rusak,negatif,-1
aplikasi mutu registrasi,netral,0
unduh aplikasi update kurang daftar bikin atur susah masyarakat,negatif,-1
mantap,positif,1
aplikasi,netral,0
data isi akun salah coba sulit bumn,negatif,-1
barcode,netral,0
aplikasi guna sih sulit,negatif,-1
aktivasi sulit susah orang,negatif,-1
oke,positif,1
daftar kendara bahan bakar minyak subsidi aplikasi browser hasil,netral,0
susah akun daftar daftar ulang wajib bpkb,negatif,-1
aplikasi mumpuni susah orang,negatif,-1
buruk daftar mypertamina login nik sandi sesuai masuk sulit masyarakat aplikasi buruk parah gin sulit masyarakat hadehh,negatif,-1
layan sesuai prosedur operasi standar,netral,0
mantap pokok,positif,1
subsidi tepat kapasitas mesin salah kunci subsidi sich mobil mewah isi pertalite bio solar aneh,positif,1
baik,positif,1
susah rakyat masuk data sesuai sistem ulang beli pertamax,negatif,-1
aplikasi update mohon isi data ka,netral,0
aplikasi ampas stabil launch publish sulit isi bensin pakai barcode,negatif,-1
daftar aplikasi web salah sistem silah coba hub kali customer ganti handphone daftar web hasil bilang cek kala sistem luncur,netral,0
aplikasi sih bikin susah rakyat solusi daftar susah mohon perhati senang sih lihat rakyat susah,negatif,-1
error daftar kendara pasu nomor rangka tulis data kendara sesuai data sesuai kali isi data,netral,0
oke bagus,positif,1
good job,positif,1
ikut tunjuk proses daftar akun gampang tinggal tunggu verifikasi,positif,1
oke,positif,1
mudah bagus sistem,positif,1
bayar pakai aplikasi mypertamina tolak alas catat pakai pertamax,negatif,-1
baik,positif,1
barcode pakai orang main orang spbu toling generate barcode,netral,0
barcode subsidi barcode salin curi orang tanggung batas limit isi bahan bakar minyak pakai habis tugas spbu isi habis limit main isi pindai barcode periksa sesuai nomor polisi pokok main pindai main colok atur perintah konyol,negatif,-1
oke,positif,1
cepat layan ramah,positif,1
update,netral,0
mantap,positif,1
terima kasih,netral,0
bagus,positif,1
oke,positif,1
kadang puas kadang kecewa layan pom bensin,negatif,-1
terima kasih bantu masyarakat,netral,0
buat barcode lumayan mudah,positif,1
bagus,positif,1
ngawur beli bahan bakar minyak pakai barcode lihat transaksi,negatif,-1
oke,positif,1
bagus aplikasi sungguh bantu jaman modern,positif,1
bayar pilih bank bank,netral,0
daftar subsidi mt pertamina gagal ktp daftar email mypertamina daftar email daftar email mypertamina suruh foto bpkb mobil kredit foto bpkb mohon solusi,negatif,-1
aplikasi bagus daftar susah,positif,1
bagus mypertamina,positif,1
ganti nomor handphone,netral,0
kembang mypertamina tolong ain bayar via aplikasi dana,netral,0
oke,positif,1
oke,positif,1
susah,negatif,-1
bagus,positif,1
sulit masyarakat,negatif,-1
mantap,positif,1
suruh pakai daftar ulang benar deh terap masyarakat somplak,positif,1
oke mantap,positif,1
mutu layan pertamina pom bagus moga langka bahan bakar pertalite bahan bakar,positif,1
aplikasi simpel isi minyak non subsidi spbu,netral,0
daftar isi data tolak sih data beli minyak sulit lh minyak habis nii,negatif,-1
sulit rakyat daftar barcode sulit coba fitur daftar mudah verifikasi dar daftar,negatif,-1
sulit tolol,negatif,-1
bantu bikin barcode bahan bakar minyak pertalite mobil,netral,0
aplikasi bayar klaim poin guna antri cepat lambat tunggu proses bayar update fitur metode bayar gopay ovo klik gagal proses haisss fakta lapang motor beli pertalite pakai aplikasi kaya oknum aplikasi paksa pertamax,negatif,-1
aplikasi riset sandi error fitur aplikasi fokus tuju kontrol pengunaan bahan bakar minyak subsidi kalimantan barat kabupaten sekadau pakai barcode pom bensin cepat habis kosong aneh,positif,1
oke,positif,1
rumit sinyal spbu susah,negatif,-1
oke mobil mewah isi pertalite,positif,1
buka subsidi pakai browser nyatu aplikasi,netral,0
gin coba salah sistem mohon coba akun sulit,negatif,-1
sulit bang,negatif,-1
coba ratus kali pakai web aplikasi ganggu sistem mypertamina sistem pasar parah parah,negatif,-1
aplikasi tolol susah,negatif,-1
bagus,positif,1
daftar gagal data roda ubah roda tolak verifikasi data,negatif,-1
update nama ubah dana data input hilang history beli bahan bakar minyak hilang parah data kendara hilang input malas ahh,negatif,-1
batu rumah kode qr,netral,0
aplikasi ngawur koneksi gopay,negatif,-1
centang tombol paham tuju baca,netral,0
wow,positif,1
terima kasih aplikasi mypertamina posisi spbu dekat,netral,0
unggah foto ktp kali gagal bikin aplikasi mudah rakyat sulit gilir unggah cek data roda bagong negara,negatif,-1
good,positif,1
buruk,negatif,-1
aplikasi daerah guna spbu layan bayar aplikasi,netral,0
bagus mudah praktis sambung bayar dompet elektronik,positif,1
operasi mudah,positif,1
barcode update pakai,netral,0
daftar pertalite kasih solat mobil ss mitsubishi kacau,positif,1
sulit,negatif,-1
kondousip,netral,0
error,netral,0
mantap,positif,1
pakai barcode blokir terang kendara kategori terima bahan bakar minyak subsidi tolong admin baik layan bikin susah,positif,1
good,positif,1
susah isi menu utama,negatif,-1
voucher,netral,0
aplikasi payah ambil otp error kirim data bikin qr sistem alami salah alas bikin aplikasi sengaja sulit rakyat alas jaring bayar server korupsi wajib,negatif,-1
admin kendara habis mutasi daftar barcode solar isi data suruh foto stnk stnk suruh tunggu solusi admin,netral,0
susah daftar tolak data asli,positif,1
bagus lanjut,positif,1
bayar kartu kredit gagal cek muncul langsung halaman utama,negatif,-1
mantap,positif,1
dllu kecewa pertamina terima saldo linkaja,negatif,-1
menu barcode,netral,0
daftar akun alas nik ktp salah ulang cek salah input,negatif,-1
plus nilai bikin ringkas sulit rumit,negatif,-1
bantu,netral,0
aplikasi error kh unggah foto stnk sma foto mobil tulis coba,netral,0
aplikasi sih susah ikut klik centang bolak,negatif,-1
kasih bintang ramai ramai,positif,1
mantap adil,positif,1
sedih kemudi beaf isi liter pertamax daerah batim terima,negatif,-1
simpel bantu,netral,0
mantap percaya,negatif,-1
oke,positif,1
mantap,positif,1
oke,positif,1
daftar salah sistem,netral,0
baik sistem,positif,1
spbu,netral,0
mantap,positif,1
tolong baik layan scan hati hati pakai handphone iqoo kamera lumayan bagus aplikasi pindai qr cepat aplikasi susah bayar pakai mypertamina ribut tugas gara gara aplikasi error,positif,1
gagap teknologi kali coba qr kode bahan bakar minyak gagal tolong bantu terima kasih,negatif,-1
mantap,positif,1
foto stnk unggah handphone komputer foto langsung sulit daftar,negatif,-1
bagusmudahpraktis,netral,0
nge leg aplikasi danta sesal pakai aplikasi,netral,0
inovasi tiada henti keren,positif,1
mantap,positif,1
ganti pin blokir aduh parah,negatif,-1
puas,positif,1
parah lupa print barcode ambil barcode susah mati,negatif,-1
ubah daftar akun subsidi gagal daftar web halaman muat salah sistem mohon coba capai input data kali kali tolong baik mudah ikut bijak perintah terima kasih,positif,1
mantap,positif,1
mantap,positif,1
bayar error antri ujung ujung beli antri,netral,0
maaf kasih lengkap dat menu lurah guntur lurah guntur tolong,negatif,-1
mantap,positif,1
mantap praktis,positif,1
cepat,positif,1
sulit foto stnk bpkb ktp ambil galeri foto langsung sulit mudah foto langsung bpkb bank leasing solusi barcode isi bahan bakar minyak spbu tugas bantu apa tolak solusi tolong baik donggg kek ambil foto galeri,positif,1
so far so good,positif,1
good,positif,1
aplikasi buruk sulit putar putar susah bikin akun sulit ambil pin tolong baik,negatif,-1
mantap,positif,1
mantap,positif,1
aplikasi layak pakai sistem,netral,0
good,positif,1
atur susah barcode kuota nol lapor proses lapor instagram suruh tunggu gila,negatif,-1
sulit konfirmasi unduh kode qr aplikasi buka unduh kode qr aneh salah sandi email sesuai daftar,negatif,-1
daftar muncul terang sistem sibuk coba admin,positif,1
barcode ganti plat nomor tolak sistem foto stnk mobil niru tutorial youtube tolak payah bikin susah masyarakat,negatif,-1
kelas bumn besar web daftar kendara aplikasi sok aplikasi hambat kerja,negatif,-1
simpel banding bayar pakai uang kontan,netral,0
baik roda wajib barcode,positif,1
mantap bantu terima kasih mypertamina promo poin diskon harga voucher,positif,1
moga manfaat berkah,netral,0
subsidi mobil fortuner isi pertalite,positif,1
aplikasi lot tolong baik,positif,1
salah sistem ulang kali bantu mudah masyarakat sulit masyarakat,negatif,-1
buruk pp daftar ambil qr update bagus,positif,1
sulit,negatif,-1
dar saran fitur bayar dana simpel praktis terima kasih,netral,0
gagal barcode,negatif,-1
kode otp beberapa kasih kasih,positif,1
fitur bagus bagus bikin kesal bayar pakai mypertamina spbu error alhasil fungsi tuju install biar bank tarik tunai cashless repot pakai aplikasi tolong kembang baik ganggu orang awam bawa cash,positif,1
oke,positif,1
oke mantap,positif,1
mantap,positif,1
sulit login,negatif,-1
ganti nomor handphone nomor aktif,negatif,-1
layan cepat,positif,1
oke,positif,1
barcode muncul,netral,0
mantap,positif,1
bagus,positif,1
aplikasi buruk akun,negatif,-1
bagus bantu driver susah uang tunai,positif,1
aplikasi buka stack,netral,0
daftar subsidi sistem error,netral,0
daftar login atur abal abal,negatif,-1
bantu,netral,0
mantap,positif,1
kirim data stnk foto kendara,netral,0
balas email kirim hemm,netral,0
manfaat,netral,0
mantap praktis manfaat,positif,1
bayar lancar maaf daftar subsidi susah foto gagal ambil gambar galeri mohon baik ambil gambar galeri terima kasih,negatif,-1
susah masyarakat,negatif,-1
oke,positif,1
digitalisasi pasti guna kendala kalo kendala pasti mumpuni kerja urus daftar kek selesai buang woi,positif,1
hilang fitur transaksi program mypertamina error barcode bikin tengkar langgan operator,negatif,-1
alhamdulillah suka mypertamina gampang perlu isi bahan bakar minyak kendala pilih bayar terima kasih mypertamina sukses guna setia,positif,1
mohon nomor polisi tolak salah sulit saran pertamina buka stand daftar barcode spbu biar masyarakat awam notabene gagap teknologi sulit aju subsidi,negatif,-1
register barcode barcode baru data error,positif,1
aplikasi batu,netral,0
mudah,positif,1
bikin atur isi data gagal saran orang spbu admin huh,negatif,-1
sulit aplikasi,negatif,-1
bantu terima kasih mypertamina,netral,0
good,positif,1
mantap,positif,1
ramah mas operator,positif,1
banyak update,netral,0
simpel kurang aktivitas fisik,netral,0
sulit,negatif,-1
sih aplikasi register masuk pakai nik sandi login nomor handphone sandi digit masuk login registrasi,netral,0
terima kasih,netral,0
metode bayar gagal coba gagal potong bayar simpan kartu metode bayar,negatif,-1
bagus,positif,1
suka,netral,0
data tolak bukti bpkb tolak,netral,0
buruk aplikasi error data sesuai tolak bagus buruk update baru,negatif,-1
mantap,positif,1
aplikasi buruk bantu sebentar bentar update,negatif,-1
mobil ganti mobil jual bahan bakar minyak bio solar ganti mobil bahan bakar minyak pertalite,netral,0
aplikasi sulit salah sistem,negatif,-1
lot susah akses,negatif,-1
qr bobol orang sesuai untuk,positif,1
alhamdulillah manfaat,positif,1
saldo gopay muncul suruh putus pemberitahuannya baik sistem,netral,0
hidup susah beli pertalite pindai barcode sasar apa iya,negatif,-1
oke,positif,1
praktis efektif,positif,1
tolong aplikasi baru lengkap aplikasi aplikasi guna masyarakat bikin sulit,negatif,-1
paksa taat sulit kelas bumn sistem buruk,negatif,-1
mudah,positif,1
klaim terang kendara tangguh,positif,1
mantap aplikasi,positif,1
bagus mudah,positif,1
lambat kadang log out,negatif,-1
lumayan voucher ribu,negatif,-1
coba foto stnk barcode pakai galeri susah lansung foto,negatif,-1
payah daftar salah sistem baik woi aplikasi lol,positif,1
bantu mudah,positif,1
mitra aktif,negatif,-1
aplikasi kek sial data tinggal posting data tunggu sistem bodoh inti sulit subsidi sulit orang,negatif,-1
muat ulang daftar,netral,0
kacau hasil daftar akun daftar unit kendara pemberitahuan daftar pertalite khusus kendara roda kendara roda wajib daftar beli pertalite pasu kali hari beda nomor rangka sesuai coba tim vendor tolong benah usaha bumn asa umkm terima kasih,positif,1
terima kasih mypertamina,netral,0
bagus,positif,1
good,positif,1
sulit rakyat mudah orang duit indonesia rakyat subsidi beli pertalite sulit pakai barcode rakyat aplikasi contoh negara malaysia subsidi murah bahan bakar minyak rakyat,negatif,-1
daftar data valid tolak nomor polisi sesuai nomor polisi kirim email customer pertamina bingung alhamdulillah email kasih ulas balas tanggal januari aplikasi hasil verifikasi terima kasih,negatif,-1
unduh barcode sulit ampun muat halaman,negatif,-1
aplikasi super sulit,positif,1
coba baik aplikasi daftar kartu debit metode bayar kali,netral,0
bagus,positif,1
buruk daftar sulit pesan sulit,negatif,-1
ayo lupa sandi reset sandi muncul pop up link kedaluwarsa coba pegawai pertamina pom respon bantu tolong solved capai benar hasil,netral,0
sambung qr bahan bakar minyak,netral,0
sulit urgent isi bahan bakar daftar mypertamina daftar hasil login sulit masyarakat,negatif,-1
bisa tugas spbu bilang barcode rusak tunda isi pertalite bahan bakar minyak habis lambat,negatif,-1
erti pakai sulit,negatif,-1
gagal buka,negatif,-1
good job,positif,1
you will get many manfaat such as cashback purchase poin,positif,1
aplikasi muncul unit,netral,0
salah sistem mohon cerah isi data sesuai gagal mau sih daftar bikin sulit isi bahan bakar minyak sulit aplikasi masalah pusing coba ibu hadehhh,negatif,-1
mutasi plat nomor ubah cetak qr sesi habis sulit isi scan qr,negatif,-1
cakap,netral,0
xw fandyarief fffffffc,netral,0
aju hapus akun proses selesai selesai solusi,positif,1
daftar subsidi,netral,0
aplikasi susah masyarakat daftar sulit gagal daftar ulang nik daftar perintah sistem susah orang desak antar orang sakit jalan pakai mobil pribadi kuota pom isi minyak kendara layan usaha mypertamina tanggung,negatif,-1
main handphone isi bahan bakar minyak balik main handphone isi bahan bakar minyak,netral,0
bantu,netral,0
cashback,netral,0
maju pantang mundur kabur lari,netral,0
bagus,positif,1
kode registrasi kirim masuk,netral,0
susah foto ktp maksimal mb ambil galeri langsung,negatif,-1
barcode,netral,0
verifikasi tolak gara gara salah input isi silinder pilih opsi ubah ganti kolom isi silinder salah tunggu minggu,negatif,-1
aplikasi buruk repot,negatif,-1
sulit kasih solusi sebal,negatif,-1
program aneh coba unit error sistem pom bensin orang atur suruh hubung customer pertamina hubung customer kasih saran youtube coba bilang langsung tutup telepon customer program nasional wajib warga negara indonesia server solusi korup,negatif,-1
mantap,positif,1
driver taxi angkut darat roda,netral,0
mantap,positif,1
subsidi bantu sulit,negatif,-1
oke,positif,1
kelas bumn bikin aplikasi sulit sumber daya manusia rendah gaji,negatif,-1
website aplikasi daftar unit pemberitahuan gagal sistem email customer solusi gilir tunggu informasi pic daftar website coba pemberitahuan beres suruh ganti perangkat ganti kali handphone beda laptop beda kacau oh ll,negatif,-1
aplikasi sukses bikin darah coba daftar hasil gara gara unggah foto stnk menu daftar,positif,1
update sebal,negatif,-1
bagus,positif,1
error aplikasi,netral,0
pertamina mantap,positif,1
kasih rating bintang biar take down google barcode sesuai perintah aktual sulit ujung ujung presiden rumit,negatif,-1
bagus,positif,1
lancar,netral,0
aplikasi jaman mudah isi bensin sulit isi bensin barcode coba enak,positif,1
aplikasi buruk daftar mobil bayar pajak mobil nomor polisi registrasi masuk korlantas sulit pakai fasilitas negara warga indonesia sulit brengsek,negatif,-1
my pertamina kosong masuk daftar susah muat ulang,negatif,-1
bagus,positif,1
guna friendly sih aplikasi verifikasi lebih good,positif,1
data tulis lengkap verifikasi tolak ubah data sulit ampun,negatif,-1
bayar mypertamina praktis simpel kurang nominal full tangki,positif,1
sulit,negatif,-1
klik tombol lanjut proses tambah kendara,netral,0
sayang pom pertamina terima bayar aplikasi pom pom pinggir jalan lintas kota provinsi aplikasi sih bagus bantu keluar pakai bahan bakar minyak bulan atur history guna aplikasi terima kasih,positif,1
oke,positif,1
tuju aplikasi yah karyawan sih maaf,negatif,-1
respon transaksi,netral,0
daftar,netral,0
salah sistem daftar subsidi subsidi tolong kondisi sistem ulang kali kali via aplikasi website kendala sistem solusi,negatif,-1
anda langsung barcode biar bolak aplikasi,positif,1
layan bagus,positif,1
good,positif,1
aplikasi sampah kali verifikasi tolak aplikasi stabil perintah bisa bikin rakyat susah gampang daftar kendara,negatif,-1
mudah,positif,1
aplikasi buruk verifikasi data asyik ganggu sistem tolong baik aplikasi,negatif,-1
bantu,netral,0
pemberitahuan muat ulang halaman ambil barcode sentuh subsidi pemberitahuan,netral,0
kali coba daftar gagal sistem mohon baik,positif,1
mantap,positif,1
aplikasi sial data stnk bpkb plat nomor ktp tolak alas data valid,negatif,-1
good,positif,1
otp was working whatsapp pesan terima kasih,netral,0
bagus,positif,1
suruh foto stnk subsidi gilir foto centang langsung suruh isi ulang kali kali isi website benar woi samsat benar data,netral,0
puas,positif,1
aplikasi bagus tingkat terima kasih,positif,1
mantap kak,positif,1
simpel,netral,0
koneksi layan input data dokumen aju qr kode mypertamina,netral,0
coba,netral,0
untung perintah aplikasi parah masuk data gagal,negatif,-1
bikin aplikasi gilir keluh susah ampun video call bilang sih telepon video call antar tunggu telepon gelap gulita suara,negatif,-1
aplikasi sampah tolol update susah isi bensin update alhasil bikin pom pegang operasional aplikasi pecat cari kompeten eror isi eh pindai barcode kali kali coba tugas bilang suruh tunggu jam coba,negatif,-1
login,netral,0
guna,netral,0
kumpul point,netral,0
unggah foto ktp daftar klik oke ambil foto cari solusi,positif,1
mantap,positif,1
oke,positif,1
mantap,positif,1
jalan kota,netral,0
hubung gopay mantap pakai aplikasi pakai gopay malam isi pom margonda depok pegawai kasih langsung unduh langsung pakai gopay,positif,1
recomended,netral,0
buruk,negatif,-1
web aplikasi rusak guna salah sistem mohon coba coba hasil sulit isi bahan bakar minyak sulit daftar sulit hei dunia,negatif,-1
pantes jasa bikin barcode bikin sulit foto ktp pencet oke kamera haha uninstall bayar calo,positif,1
aplikasi perintah bagus,positif,1
bikin aplikasi mypertamina spbu alas ganggu hapus mypertamina play store,negatif,-1
oke,positif,1
daftar gagal ber ulang kali daftar gagal,negatif,-1
masuk daftar subsidi aplikasi buka bagai pertamina pilih bulu gin cerita,netral,0
barcode solar kak,netral,0
kasih spbu pakai moga depan spbu pakai,netral,0
mobil mewah alfard crv innova barcode beli pertalite,netral,0
lumayan sih,positif,1
aplikasi tolong baik daftar mypertamina aplikasi unduh handphone daftar terang ganggu sistem huufffttt,positif,1
moga mudah akses bahan bakar minyak layan masyarakat indonesia,positif,1
qr tampil,netral,0
alhamdulillah pasang daftar bahan bakar minyak subsidi nik pakai verifikasi email kirim email alamat saran alhamdulillah langsung balas ikut data baik alhamdulillah proses buka langsung muncul tampil daftar langsung ikut langkah barcode mudah terima kasih admin pertamina,positif,1
update,netral,0
good,positif,1
sinyal hilang bayar tunggu,netral,0
terima kasih kerjasamanya mudah bidang teknologi modern,positif,1
barcode cecer spbu salah jatah bahan bakar minyak ganti barcode susah lupa sandi kirim email riset email kirim mypertamina buka susah belanja uang negeri isi bahan bakar minyak pakai duit sulit,negatif,-1
buruk aplikasi bisa roda pickup deteksi roda,negatif,-1
tolak bayar via bantu malas ambil uang atm,negatif,-1
layan,netral,0
aneh ganggu sistem daftar subsidi tolong baik sistem,negatif,-1
mypertamina mantap,positif,1
uang kembali transaksi januari spbu kletek taman sidoarjo ribu belit layan kembali uang sistem qris bejat,netral,0
pertamina moga lihat komentar rating bintang layan ajar sopan ketus alami isi bensin sulit layan ketus etis isi pom bensin mayor,negatif,-1
cepat bayar,positif,1
aplikasi taiikkkkkkkkkkkkk susah masyarakat sial,negatif,-1
bantu mantap margo mantap,positif,1
aplikasi salah sistem terus daftar mal niat aplikasi arah orang unduh aplikasi isi bensin,netral,0
aplikasi unduh isi saldo gilir pakai pom bensin support,positif,1
pin klaim barcode salah sistem,negatif,-1
mantap ama,positif,1
isi bahan bakar minyak barcode pakai orang kasih barcode orang,netral,0
si aplikasi instansi bumn andal,netral,0
mantap,positif,1
sulit parah keluh mah susah login barcode,negatif,-1
mantap,positif,1
nomor polisi daftar ikut instruksi lampir bpkb stnk foto unit nomor polisi tolak aju banding,netral,0
unduh barcode verifikasi,netral,0
daftar kode qr beli bahan bakar minyak spbu tolong pandu,netral,0
manfaat,netral,0
kali daftar verifikasi tolak nomor polisi sua foto mobil stnk,netral,0
salah sistem rahasia langkah kuti teliti salah simpul sengaja sulit,negatif,-1
oke,positif,1
aplikasi mypertamina good,positif,1
unit susah barcode,negatif,-1
aplikasi error layan buruk bikin adu subsidi bantu,negatif,-1
daftar qr susah gagal coba kali,negatif,-1
daftar subsidi tepat sulit scan ktp langsung galeri ukur file foto batas mb foto ktp kali kali oke opsi ambil foto foto ktp unggah unggah foto surat surat pindai tolong opsi ambil galeri simpel meng unggah data,positif,1
daftar otp bumn bikin anggar negara,netral,0
oke,positif,1
gagal verifikasi sih suruh barcode aplikasi error rakyat suruh layan bahan bakar minyak gin,negatif,-1
perintah bikin rakyat susah suruh daftar oke ikut ehh aplikasi,netral,0
bantu,netral,0
bagus,positif,1
kecewa buruk produk bumn sistem buruk masuk akal kronologi aplikasi unit gagal tolak alas nomor polisi daftar pom tugas kantor pom bilang salah samsat polda metro salah sistem inti isi pertalite saran terap bijak benar sistem,negatif,-1
praktis keren,positif,1
komentar kawan,netral,0
kode qr aplikasi muncul kalimat halaman muat riwayat isi bahan bakar minyak muncul aplikasi,netral,0
oke,positif,1
sulit bayar hutang pakai barcode,negatif,-1
buruk ulang ulang verifikasi gagal sinyal bagus foto lengkap verifikasi gagal kode otp pesan muncul hubung call center solusi suruh ulang ulang gagal verifikasi tolong aplikasi tinjau ulang server terima kasih,negatif,-1
mantap poin,positif,1
aplikasi bos niat sih susah,negatif,-1
serius aplikasi usaha buruk busuk error mana server lot data error malu sih,negatif,-1
bantu,netral,0
aplikasi bikin susah negara paksa rakyat orang beres,negatif,-1
cari qr kode pertalite putar buka web aplikasi,netral,0
aplikasi berat konsumen daftar nik ktp bpkb mobil bpkb leasing mobil lunas,negatif,-1
mantap,positif,1
susah,negatif,-1
bintang nol kasih mudah pasang aplikasi maksiat,positif,1
oke,positif,1
si sesuai nopal nomor polisi sesuai tengok capai daftar,netral,0
mantap boss,positif,1
aplikasi sial daftar susah guna susah,negatif,-1
good,positif,1
oke,positif,1
susah daftar gagal tradisi negara ampun,negatif,-1
daftar pakai eh hilang isi nik,negatif,-1
bagus,positif,1
mantap pokok mahh,positif,1
membntu,netral,0
mohon baik aplikasi baru aplikasi error baru barcode,positif,1
keren,positif,1
susah daftar daftar sistem,negatif,-1
sih isi bensin tuh pertalite kadang karyawan isi mobil kacau pertamina pakai barcode barcode biar jam isi bensin kecewa,negatif,-1
aplikasi cacat allah puluh kali foto stnk hasil,netral,0
erti fungsi aplikasi jual aplikasi biar unduh isi bahan bakar minyak sulit kali mesti tunjuk barcode beda tunjuk barcode barcode bahan bakar langka tolong bantu paham aplikasi lot kali,negatif,-1
kaum rebah bikin aplikasi daftar kendala,negatif,-1
call center urut nomor tunggu jam tunggu,negatif,-1
qr mypertamina gagal notifikasi nik sesuai verifikasi daftar maksud website hasil nik daftar verifikasi,negatif,-1
sulit aplikasi buat akun hasil,negatif,-1
oke mypertamina,positif,1
mudah isi praktis terima kasih,positif,1
bantu,netral,0
buruk hapus mobil daftar repot beli bekas daftar,negatif,-1
simpel,netral,0
bagus sih isi bensin keluar dompet paket data,positif,1
sabtu jan jam isi pertalite ribu pakai barcode kuota habis pom isi tanggal jan isi,netral,0
aplikasi lot,netral,0
isi volume silinder warna plat nomor aplikasi website,netral,0
terima kasih aplikasi mudah,positif,1
aplikasi sial,netral,0
oke,positif,1
mantap,positif,1
bayar bahan bakar minyak mudah,positif,1
ganggu spbu jujur susah sulit,negatif,-1
putar isi data ujung stnk salah roda daftar samsat sdm rendah makan uang pajak isi bensin putar,negatif,-1
verifikasi akun sukses klaim kode qr,positif,1
repot,netral,0
good,positif,1
kemarin daftar barcode kada luarsa login klaim barcode pusing,netral,0
praktis,netral,0
oke,positif,1
aplikasi sulit daftar barcode,negatif,-1
mantap lancar jaya,positif,1
jumat berkah,netral,0
mantap,positif,1
bagus,positif,1
bantu,netral,0
overall oke,positif,1
need improvement,netral,0
mantap bantu,positif,1
mantap,positif,1
bantu,netral,0
salah sistem tolong lh bantu,netral,0
oke,positif,1
tugas ramah,positif,1
cepat antri,netral,0
mantap,positif,1
nice bikin mudah bayar mantap dech mypertamina nice,positif,1
stres pakai aplikasi posting ktp gagal langsung ambil foto galeri uk batas bodoh sengaja susah,negatif,-1
susah daftar kendara,negatif,-1
bikin susah bantu rakyat indonesia,negatif,-1
unduh prioritas mah,netral,0
abu abdillah kaibon barokallohufikum,netral,0
hasil kirim data smp pakai handphone hasil jaring kuat jaring perangkat kirim keluh atensi,positif,1
tolong bantu mudah daftar nasib orang beli kendara cash daftar foto bpkb,positif,1
oke,positif,1
penting,positif,1
mantap indonesa,positif,1
sebentar login ulang repot,netral,0
aplikasi sempurna,positif,1
subsidi tepat error muncul pilih uninstall,positif,1
barcode mypertamina akun muncul,netral,0
oke,positif,1
mau sih pertamina bikin susah masyarakat ambil foto ktp suruh lengkap data kecewa,negatif,-1
login login via browser aplikasi,netral,0
aplikasi daftar,netral,0
daftar hasil kode qr muncul san muncul tulis muat ulang,netral,0
capai daftar akun verifikasi tinggal daftar kendara masuk ganggu pakai laptop,netral,0
sooooo,netral,0
mudah transaksi bahan bakar minyak,positif,1
praktis,netral,0
mudah,positif,1
bantu,netral,0
lokasi,netral,0
keren bantu kala pegang uang tunai isi tangki kosong,positif,1
login gagal sistem coba,negatif,-1
daftar kendara bulan respon,netral,0
susah daftar unggah foto menu daftar pakai indonesia harus error parah,negatif,-1
verifikasi tolak suruh masyarakat pakai aplikasi beli bahan bakar minyak aplikasi pakai baik aplikasi kacau,positif,1
spbu rata mypertamina palembang daerah camat sukarami talang jambi,negatif,-1
apa unggah stnk mobil plus nomor polisi ujung ujung nomor polisi sesuai,netral,0
mudah,positif,1
alhamdulillah gampang cepat bikin foto mobil plat lihat foto stnk bela tinggal ikut aplikasi kode batang muncul menit langsung verifikasi tinggal unduh barcode print deh,positif,1
update baru belit belit,positif,1
sulit isi bensin pakai aplikasi login ambil foto ktp aplikasi ulang sulit,negatif,-1
mudah,positif,1
tolong direktur pertamina slogan sesuai realita lapang slogan ganti gantung realita isi bahan bakar minyak manfaat mayoritas spbu khusus spbu kota medan cari untung isi full tank manfaat cari untung isi full tank isi contoh rp ribu kasih bukti admin bukti,positif,1
barcode salah tugas spbu isi mobil timbun bahan bakar minyak legal lapor,negatif,-1
sulit,negatif,-1
bantu,netral,0
daftar tolak alas nomor polisi salah,netral,0
ganggu isi pertamax,netral,0
daftar tolak,netral,0
parah sih daftar selalu sistem masalah coba selalu masyarakat harus pakai barcode sulit administrasi,negatif,-1
akurat mudah transaksi,positif,1
gagal handphone kamera kentang,negatif,-1
oke,positif,1
aplikasi lol negara lol,positif,1
aplikasi error paksa susah rakyat isi bahan bakar minyak sih capai isi data foto gilir kirim data respon sma loading kek indikasi tanda gagal jaring,negatif,-1
driver gojek hubung gopay mantap mudah uang tunai,positif,1
mypertamina mudah isi bahan bakar minyak,positif,1
foto stnk respon,netral,0
buruk bantu daftar kendara keluarga unggah foto stnk foto langsung inti buruk buruk,negatif,-1
praktis,netral,0
aplikasi orang bodoh daftar otp masuk ulang slide coba ulang pemberitahuan nomor daftar coba langsung masuk nomor daftar akun blokir astaga mabuk kecubung logika masuk program daftar aplikasi kek gin,negatif,-1
tolong akun blokir admin,netral,0
tolong metode bayar dana guna dana mudah transaksi ovo gopay linkaja,positif,1
spbu daerah sumbar riau bayar mypertamina,netral,0
daftar nomor handphone pin unduh aplikasi,netral,0
bagus,positif,1
sulit daftar tambah data tolong baik aplikasi,negatif,-1
mudah beli bahan bakar minyak sesuai jenis kendara online orang jual barcode sesuai spek kendara ktp coba,positif,1
keren,positif,1
bagus,positif,1
bagus,positif,1
bagus,positif,1
good,positif,1
susah daftar mudah masyarakat sulit buruk,negatif,-1
mudah,positif,1
oke bantu layan cepat,positif,1
aplikasi tarik tampil fungsi aplikasi playstore tampil layar utama nama ahh,positif,1
daftar unduh pilih daftar aneh rusak,negatif,-1
mantap beli pakai mypertamina leb praktis cepat,positif,1
praktis mudah,positif,1
alhamdulillah,netral,0
tolak verifikasi alas daftar korlantas samsat urus database muncul korlantas tolak,netral,0
mantap,positif,1
baik,positif,1
barcode subsidi buka aplikasi masuk data nik salah nik ubah,negatif,-1
aplikasi baja,netral,0
mantap,positif,1
error parah foto ktp error parah sih,negatif,-1
oke,positif,1
unggah foto daftar fungsi aplikasi bumn masalah andan daerah merk pertamina,netral,0
oke,positif,1
login kode otp kunjung muncul via whatsapp,netral,0
aplikasi payah bolak daftar kendara tolak tulis data pakai data data sesuai ktp stnk tolak,negatif,-1
aplikasi bagus minus hutang,positif,1
oke,positif,1
aplikasi sulit baru barcode cek ricek detik barcode biar baru laksana kerja banyak kkn,positif,1
sistem buruk daftar subsidi salah sistem unggah data biar beli pertalite,negatif,-1
good,positif,1
need improvement,netral,0
aplikasi rusak error barcode isi suruh refresh benar tuh error jaring lancar install ulang error,netral,0
coba tambah fitur pilih foto galeri daftar unit kendara efektif kondisi stnk tempat fitur ambil foto langsung foto,positif,1
salah sistem,netral,0
bayar eh update sebal tunggu aneh tanggal desember poin transaksi tanggal desember tahun poin hangus sistem,negatif,-1
isi masyarakat bikin susah,negatif,-1
pakai spbu aplikasi luncur alat bayar spbu indonesia,netral,0
suka,netral,0
sulit,negatif,-1
bagus,positif,1
maksud bagus biar data sayang aplikasi pakai input data mobil error habis anggar aplikasi masyarakat nikmat,positif,1
terima kasih perintah susah rakyat premium pertalite pakai daftar barcode hari daftar foto sulit jaring telkomsel buruk isi pertamax terima kasih susah susah rakyat,negatif,-1
oke,positif,1
mudah,positif,1
oke,positif,1
sulit,negatif,-1
tatap cuy,netral,0
update data menu ambil foto ktp hasil foto tampil kosong ulang ulang ulang tunggu data otp menu gilir data otp masuk expired,netral,0
susah,negatif,-1
mantap,positif,1
selagi niat dukung allah swt,negatif,-1
jijik aplikasi perintah bikin sulit tolol,negatif,-1
sistem beli bensin error beli bensin pom tunggu jam,netral,0
aplikasi kelas nasional,netral,0
daftar barcode enak pakai foto file aplikasi live buram kamera hasil,positif,1
daftar kendara tulis salah sistem aplikasi teknologi alternatif buang buang,negatif,-1
good,positif,1
aplikasi error,netral,0
isi motor tugas mypertamina error kaya jawab spbu error mypertamina,netral,0
aplikasi sulit rakyat,negatif,-1
mantap lancar cepat,positif,1
mantap,positif,1
bayar pajak ganti plat nomor material kertas stnk satlantas habis bekal stempel lembar bpkb tentu laku ganti stnk update mypertamina nomor polisi kendara tolak foto tanda bukti lunas wajib bayar aplikasi solutif sulit,negatif,-1
muat laman subsidi,netral,0
isuzu traga roda nomor polisi mobil daftar mypertamina noka nomot plat valid kabupaten daerah tinggal aplikasi kecewa tolong baharu,negatif,-1
aplikasi perintah error salah sistem ikut instruksi aduh anak magang,negatif,-1
sdm daftar ketik daftar masuk registrasi definisi sulit,negatif,-1
praktis,netral,0
maksimal terap,netral,0
aplikasi guna,netral,0
good,positif,1
bantu,netral,0
bantu,netral,0
terima kasih mypertamina berkat aplikasi subsidi bahan bakar minyak hafal nomor nik nomor rangka unggah data gagal mantap tahan,negatif,-1
oke,positif,1
sempurna,positif,1
baik,positif,1
aplikasi buruk habis uang negara layak makan uang haram zholim laknat orang terzolimi,negatif,-1
aju formulir aju banding kendara bikin barcode my pertamina kali email masuk tolak maju indonesia calo bikin gampang mudah,positif,1
daftar gagal ubah data ubah data hasil roda roda verifikasi daftar kendara gagal terang subsidi khusus roda ubah data update mohon cerah terima kasih,positif,1
mantap,positif,1
aplikasi,netral,0
rumit,negatif,-1
guna mudah memper sulit buruk daftar susah mental kocak,negatif,-1
bantu,netral,0
aplikasi sumpah sial nafas terakir sanggup resign,positif,1
izin kare terbit barcode,negatif,-1
sulit aplikasi buruk loading bikin antri,negatif,-1
tolong kembali unggah foto stnk galeri sulit foto langsung mobil diam tempat butuh makan,negatif,-1
mantap,positif,1
sulit,negatif,-1
aplikasi lot daftar isi bahan bakar minyak subsidi gilir daftar mypertamina tanggap,netral,0
klaim kode qr susah ampun aplikasi biar mudah sulit payah,negatif,-1
manfaat,netral,0
pasang promo cashback astrapay maret hilang promo transaksi,netral,0
bagus,positif,1
tunjang layan jasa,netral,0
bagus aplikasi mohon barcode cepat,positif,1
aplikasi bikin pusing,netral,0
susah buka,negatif,-1
nomor polisi kendara sesuai deh sesuai tulis stnk aplikasi baik deh,positif,1
gagal mem foto stnk kendara daftar,negatif,-1
oke,positif,1
buruk daftar sulit,negatif,-1
foto mobil eh verifikasi ulang,netral,0
aplikasi sistem ngawur deploy playstore uji kah salah sistem layan evaluasi rekrut sdm daftar kendara roda tulis roda sistem mending mundur habis anggar balas bot,negatif,-1
sial sial aplikasi daftar susah link kirim periksa whatsapp reset pin pesan sial gin deh beli mi arus daftar,negatif,-1
susah kode barcode gagal,negatif,-1
pertamina,netral,0
mohon maaf admin guna bahan bakar minyak dexlite bayar aplikasi coba kali gagal jaring stabil tolong baik,positif,1
alhamdulillah lancar aman,positif,1
aplikasi daftar baca muat ulang coba siang malam,netral,0
aplikasi mutu gambar salah sistem kali kali benah sistem biar lancar aplikasi mudah sulit email respon aplikasi sial,negatif,-1
aplikasi sampah stnk plat nomor roda bilang tugas spbu barcode daftar roda suruh samsat urus hubung coba aplikasi hadir mudah sulit,negatif,-1
good,positif,1
puas,positif,1
sulit daftar sesuai,negatif,-1
salah sistem daftar kendara halo admin coba baik aplikasi maka juta umat indonesia error bagus aplikasi manfaat kaya gin,positif,1
alaahhhh susah aplikasi cilikkkk keluh keluh gilir uang cepat reng arak korupsi gilir arak arak daftar sulit zaman kesal panas handphone uang,negatif,-1
aplikasi suruh unduh,netral,0
aplikasi bikin susah rakyat,negatif,-1
lambat,negatif,-1
bagus lancar,positif,1
maaf kali beli bahan bakar minyak pakai aplikasi mypertamina mudah aman uang cash,positif,1
foto stnk aplikasi fungsi tolong baik biar aplikasi aplikasi crypto sat set langsung,positif,1
bantu,netral,0
pertamina oye,netral,0
guna bayar beli bahan bakar minyak spbu pertamina,netral,0
aplikasi bodoh data sesuai gagal mobil xenia gin hidup negara,negatif,-1
didik bikin aplikasi ujung akses web buruk,negatif,-1
bulan daftar coba coba emosi tingkat salah sistem mau coba data isi lengkap gilir akun salah sistem sistem buruk malu,negatif,-1
bantu,netral,0
aplikasi mentok foto stnk mobil foto masuk daftar aplikasi daftar susah ampun beli pertalite bikin sulit gin beli pertalite,negatif,-1
buruk pindai salah dark mode handphone ckckck anggar aplikasi newbie,negatif,-1
lanjut data unit,netral,0
admin tolong daftar barcode unggah stnk galeri minta tolong keluarga daftar susah foto stnk foto langsung,negatif,-1
registrasi kali ambil foto shame on you,netral,0
sulit mesti gampang isi bahan bakar minyak,negatif,-1
uud,netral,0
susah rakyat daftar repot,negatif,-1
status daftar nomor polisi yaaak admin,netral,0
mantap tinggal pindai qris mesin operasi masalah input manual,positif,1
isi bahan bakar minyak spbu isi tugas isi transaksi,netral,0
oke,positif,1
oke,positif,1
aplikasi daftar web hasil aplikasi hasil hapus akun aplikasi terang proses mutu suka uang kerja,positif,1
bantu poin,netral,0
aplikasi guna,netral,0
lancar jaya,positif,1
isi bensin sulit bikin barcode menu bantu video call nomor antri tunggu jam,negatif,-1
aplikasi ambil foto ktp,netral,0
daftar verifikasi bayar bank pasang nomor orang takut nomor verifikasi handphone orang,negatif,-1
aplikasi,netral,0
coba moga mudah lancar isi bahan bakar minyak sukses mypertamina aamiin,positif,1
bagus,positif,1
bagus layan mantap,positif,1
akurat,positif,1
aplikasi bagus batas guna bahan bakar minyak subsidi,positif,1
oke,positif,1
aju ganti milik tolak data sesuai sulit beli bahan bakar minyak,netral,0
aplikasi tolol daftar salah sistem,negatif,-1
good,positif,1
mantap lancar jaya,positif,1
aplikasi pakai dompet digital dana,netral,0
aplikasi kaya sial daftar gagal,negatif,-1
spbu semarang mypertamina,netral,0
aplikasi aneh isi data lengkap masuk daftar aplikasi perintah indonesia lambat sulit daftar login sulit rakyat bisa,negatif,-1
aplikasi buruk pin nomor telepon lucu,negatif,-1
te,netral,0
tolol cacat barcode susah sulit foto stnk ambil gambar,negatif,-1
mantap,positif,1
oke,positif,1
admin desa lengkap sih jawa timur tulungagung boyolangu desa serut malam akun paksa pilih lurah boyolangu,negatif,-1
login sulit,negatif,-1
struk beli bayar mypertamina enak transaksi,positif,1
pilih edit data transportasi,netral,0
unggah data kendara gagal pemberitahuan salah sistem mohon baik,netral,0
mantap,positif,1
pekan desember tanggal jan nomor polisi sesuai telepon respon mesin email alamat lampir arah template ubah data baharu data unggah data arah ambil foto unit langsung sesuai pandu tolak alas nomor polisi sesuai,negatif,-1
sandi klaim arah tolong reset,netral,0
pertamina beres daftar kali kali barcode mobil innova alfard isi pertalite barcode pertamina rugingak beres,netral,0
