Fold,Text,Actual Label,Predicted Label
1,ukur foto biar susah,-1,-1
1,mantap,1,1
1,djmt daftar salah habis anggar,-1,-1
1,puas bantu ekonomi,1,1
1,mantap,1,1
1,daftar subsidi sulit akses mohon baik,1,1
1,aplikasi sulit,-1,-1
1,pertamina kirim kode otp registrasi whatsapp pesan coba ulang handphone android pakai wifi,0,0
1,mantap,1,1
1,mantap,1,1
1,moga pom pakai mypertamina,0,1
1,hasil update foto pilih pakai kamera default hasil tangkap foto serasa lambat lot turun kualitas aplikasi sulit daftar pakai handphone ram pakai handphone ram unggah foto stnk gagal pakai wifi data gambar mb gambar rasa beda susah unggah foto,-1,-1
1,mohon buat barcode subsidi unggah foto stnk baik foto kamera buruk foto tempat cahaya terang,1,-1
1,tolong sistem baik ambil foto buruk hasil foto buram sulit bikin darah balik ambil foto galeri,-1,-1
1,bantu aktivitas hari,0,1
1,aplikasi bodoh fungsi rakyat susah pasang aplikasi bodoh,-1,-1
1,update bagus nge error ayo guna turun bintang biar baik aplikasi,1,1
1,oke,1,1
1,alhamdulillah bantu,0,0
1,foto stnk kamera aplikasi susah foto buram tolak daftar subsidi sengaja sulit rakyat subsidi fitur foto ambil galeri foto stnk pakai kamera aplikasi buruk,-1,-1
1,turbo mantap,1,1
1,aplikasi buruk gratis aplikasi aplikasi saking susah bikin qr kode manfaat bikin qr kode bukti aplikasi susah aplikasi bikin qr kode coba bikin aplikasi rakyat mudah bro,-1,-1
1,sistem buruk,-1,-1
1,aplikasi buruk daftar suruh foto ktp tunggu verifikasi data selesai jam sulit aplikasi sampah,-1,-1
1,update buruk lot lambat gampang mypertamina lot enak fitur,1,1
1,pilih foto bagi subsidi pasu foto ktp stnk mobil foto handphone,0,-1
1,keluh jawab template hai mohon maaf tidak nyaman alami admin butuh data dukung admin solusi kendala sila sobat salah kanal interaksi pertamina call center instagram bantu kece bantu,-1,-1
1,oke,1,1
1,bagus,1,1
1,bagus,1,1
1,nomor good,1,1
1,capai unduh aplikasi isi dana ovo spbu jalur my pertamina tutup alas ganggu jaring parah area sulawesi utara,-1,-1
1,dukung handphone foto loading handphone dukung ambil galeri sayang foto stnk pilih galeri bantu daftar,0,-1
1,good,1,1
1,daftar guna lpg kg aplikasi lari website guna aplikasi dar informasi aplikasi guna lari website digital digital haha heran plat merah,1,0
1,innova pertalite,0,1
1,alamat gagal ulang beli gas bingung,-1,-1
1,bantu,0,0
1,kembang tolong baik error maps recall jhonson base camp hero mentang isi pertalite hero recall langsung room,-1,1
1,voucher sampah beli pilih bayar voucher,0,0
1,aplikasi fitur buruk lepas koneksi bayar gopay bilang tingkat sistem email customer service balas,-1,-1
1,aplikasi mypertamina cek pom dekat isi bahan bakar minyak subsidi rubah daftar mobil diesel bensintrim,0,0
1,ulang,0,-1
1,lambat error buffering masalah,-1,-1
1,parah aplikasi pakai spbu pertamina,-1,-1
1,susah masuk data kendara subsidi tolak,-1,-1
1,bagus,1,1
1,oke,1,1
1,good,1,1
1,terima kasih ban uan,0,1
1,oke,1,1
1,mantap,1,1
1,good,1,1
1,spbu kode qr menu unduh kode qr sulit akses pakai sandi pin masuk aplikasi aman akses ubah pin klaim pakai,-1,-1
1,oke,1,1
1,mantap,1,1
1,great,1,1
1,update menggangu transaksi,0,1
1,daftar kode barcode aplikasi sampah,0,-1
1,oke,1,1
1,aplikasi cacat,-1,-1
1,telepon customer ubah data truk minggu ubah bikin rugi,0,-1
1,aplikasi error daftar barcode,0,-1
1,good,1,1
1,bagus subsidi bahan bakar minyak arah awas,1,1
1,gagal gagal kode otp kirim kirim data daftar sesuai data sesuai kirim kode otp sampah,-1,-1
1,sistem update daftar lancar,1,-1
1,bagus tinggal edukasi sdm depot isi paham,1,1
1,good,1,1
1,aplikasi sampah daftar aplikasi error era digital sok pakai aplikasi mudah susah,-1,-1
1,mudah konsumen,1,1
1,terima kasih aplikasi bantu isi bahan bakar minyak,0,0
1,bagus,1,1
1,bayar mudah cepat,1,1
1,sulit sih,-1,-1
1,kategori subsidi akses coba ber ulang kali email respon hub customer service feedback,0,0
1,kendara barcodenya pakai,0,-1
1,susah sopir handphone android ganti email data isi mypertamina memyusahkan orang da sopir,-1,-1
1,daftar kendara bahan bakar minyak subsidi aplikasi browser hasil,0,0
1,daftar aplikasi web salah sistem silah coba hub kali customer ganti handphone daftar web hasil bilang cek kala sistem luncur,0,-1
1,aplikasi bagus daftar susah,1,1
1,oke,1,1
1,susah,-1,-1
1,oke mantap,1,1
1,bantu bikin barcode bahan bakar minyak pertalite mobil,0,-1
1,buruk,-1,-1
1,mantap,1,1
1,aplikasi error kh unggah foto stnk sma foto mobil tulis coba,0,-1
1,oke mantap,1,1
1,daftar login atur abal abal,-1,-1
1,tolong aplikasi baru lengkap aplikasi aplikasi guna masyarakat bikin sulit,-1,-1
1,coba foto stnk barcode pakai galeri susah lansung foto,-1,-1
1,ayo lupa sandi reset sandi muncul pop up link kedaluwarsa coba pegawai pertamina pom respon bantu tolong solved capai benar hasil,0,0
1,aplikasi buruk daftar mobil bayar pajak mobil nomor polisi registrasi masuk korlantas sulit pakai fasilitas negara warga indonesia sulit brengsek,-1,-1
1,sayang pom pertamina terima bayar aplikasi pom pom pinggir jalan lintas kota provinsi aplikasi sih bagus bantu keluar pakai bahan bakar minyak bulan atur history guna aplikasi terima kasih,1,1
1,respon transaksi,0,0
1,daftar,0,-1
1,aplikasi sampah kali verifikasi tolak aplikasi stabil perintah bisa bikin rakyat susah gampang daftar kendara,-1,-1
1,aplikasi buruk verifikasi data asyik ganggu sistem tolong baik aplikasi,-1,-1
1,kali coba daftar gagal sistem mohon baik,1,-1
1,otp was working whatsapp pesan terima kasih,0,0
1,guna,0,-1
1,oke,1,1
1,mantap,1,1
1,hubung gopay mantap pakai aplikasi pakai gopay malam isi pom margonda depok pegawai kasih langsung unduh langsung pakai gopay,1,1
1,daftar gagal ber ulang kali daftar gagal,-1,-1
1,terima kasih kerjasamanya mudah bidang teknologi modern,1,1
1,tolak bayar via bantu malas ambil uang atm,-1,0
1,oke,1,1
1,daftar qr susah gagal coba kali,-1,-1
1,serius aplikasi usaha buruk busuk error mana server lot data error malu sih,-1,-1
1,oke,1,1
1,si sesuai nopal nomor polisi sesuai tengok capai daftar,0,-1
1,sih isi bensin tuh pertalite kadang karyawan isi mobil kacau pertamina pakai barcode barcode biar jam isi bensin kecewa,-1,-1
1,call center urut nomor tunggu jam tunggu,-1,-1
1,qr mypertamina gagal notifikasi nik sesuai verifikasi daftar maksud website hasil nik daftar verifikasi,-1,-1
1,simpel,0,0
1,mantap lancar jaya,1,1
1,mantap,1,1
1,need improvement,0,0
1,tugas ramah,1,1
1,daftar hasil kode qr muncul san muncul tulis muat ulang,0,0
1,mudah,1,1
1,parah sih daftar selalu sistem masalah coba selalu masyarakat harus pakai barcode sulit administrasi,-1,-1
1,akurat mudah transaksi,1,1
1,tolong metode bayar dana guna dana mudah transaksi ovo gopay linkaja,1,1
1,tolak verifikasi alas daftar korlantas samsat urus database muncul korlantas tolak,0,-1
1,baik,1,1
1,aplikasi payah bolak daftar kendara tolak tulis data pakai data data sesuai ktp stnk tolak,-1,-1
1,aplikasi bagus minus hutang,1,1
1,salah sistem,0,-1
1,oke,1,1
1,bayar pajak ganti plat nomor material kertas stnk satlantas habis bekal stempel lembar bpkb tentu laku ganti stnk update mypertamina nomor polisi kendara tolak foto tanda bukti lunas wajib bayar aplikasi solutif sulit,-1,-1
1,isuzu traga roda nomor polisi mobil daftar mypertamina noka nomot plat valid kabupaten daerah tinggal aplikasi kecewa tolong baharu,-1,-1
1,mantap,1,1
1,oke,1,1
1,aplikasi bodoh data sesuai gagal mobil xenia gin hidup negara,-1,-1
1,didik bikin aplikasi ujung akses web buruk,-1,-1
1,lanjut data unit,0,1
1,registrasi kali ambil foto shame on you,0,-1
1,aplikasi,0,-1
1,good,1,1
1,aplikasi kaya sial daftar gagal,-1,-1
1,unggah data kendara gagal pemberitahuan salah sistem mohon baik,0,-1
1,pekan desember tanggal jan nomor polisi sesuai telepon respon mesin email alamat lampir arah template ubah data baharu data unggah data arah ambil foto unit langsung sesuai pandu tolak alas nomor polisi sesuai,-1,-1
2,tolong baik setting kamera kamera langsung mode ultrawide baca huruf unggah pakai kamera,1,1
2,aplikasi hapus kendara ganti kaleng tambah ganti nomor plat kendara daftar nomor polisi tolak terang nomor polisi stnk sesuai nomor polisi kendara sesuai masuk sesuai tolong arah admin,1,-1
2,oke mohon metode bayar,1,1
2,mypertamina mantap,1,1
2,tolong baik sistem daftar kendala sistem gagal mohon baik kualitas kamera kamera buram flash daftar susah tolong kembali kualitas terima kasih,1,-1
2,aplikasi foto fokus tolak buruk foto resolusi hasil bagus,1,-1
2,akun masuk klaim kode barcode langsung masuk data repot mah daftar ulang,1,-1
2,foto gagal aplikasi buruk ambil gambar bagus,-1,-1
2,komplain respon jawab terang barcode blokir isi syarat id lapor jelas tim tim sinambung selesai rugi barcode salah curi oknum spbu tegas tim kait tanggung,-1,-1
2,aplikasi sulit fitur foto ktp stnk mode buram tolong bantu subsidi ikhlas sulit wajib taat pajak stnk versi baru foto susah niat subsidi verifikasi butuh,-1,-1
2,mantap,1,1
2,laris sulit desain chrome admin ubah ubah sistem daftar program perintah pakai foto handphone pakai foto live susah bidik kamera bagus sulit guna,-1,-1
2,mobil tua daftar barcode pajak mati warna mobil sesuai warna besi tinggal stnk rusak bayar pajak miskin mohon hilang barcode pakai barcode orang kaya mobil mewah susah mobil buruk isi tamak,-1,-1
2,susah bikin barcode,-1,-1
2,fitur ganti nomor hubung gopay ovo,0,-1
2,daftar susah tolak data sesuai isi minyak pakai barcode dapat barcode susah ampun benah,-1,-1
2,proses kendala pindai stnk alas stnk hologram buka hologram tulis stnk buka sobek admin,-1,-1
2,mantap mantap,1,1
2,admin roda ganti langsung otomatis roda mobil pilih otomatis verifikasi tambah barcode blokir atas selesai atas tolong bantu admin biar alami selesai isi solar admin barcode atas proses tolong bantu,1,-1
2,aplikasi customer pcc kocak mobil daftar isi formulir mohon tuju daftar ulang hubung customer pcc suruh isi formulir mohon coba isi formulir mohon tunggu bulan hubung pcc suruh daftar pasti tidak aplikasi customer pcc buruk,1,-1
2,aplikasi customer whatsapp rekrut cepat worth call center email telepon via video call aplikasi antri urgent,1,-1
2,sial,0,-1
2,foto kamera stnk pilih kualitas foto pilih galeri foto buram kamera handphone jernih,1,-1
2,login reset pin link masuk whatsapp,0,0
2,website subsidi sulit pakai ktp digital website kelas perintah sulit ambil foto ktp galeri bikin bijak imbang teknologi mudah kantor sulit,-1,-1
2,ambil gambar galeri langsung foto aplikasi,1,-1
2,bantu,0,0
2,unggah ktp pakai aplikasi susah fokus,-1,-1
2,mantap lancar,1,1
2,verifikasi data lurah pilih ketik manual,0,-1
2,mantap sasar,1,1
2,bayar gas bumi login,1,0
2,data tolak terang libat halang kamera aplikasi web buram aneh,1,-1
2,oke,1,1
2,luncur notifikasi kirim selamat sistem sulit,-1,-1
2,daftar tolak,0,-1
2,masuk chrome sandi pakai abjad aplikasi sandi nomor,0,0
2,baru unggah foto stnk bentuk jpg susah daftar subsidi tepar,-1,-1
2,registrasi susah sulit cocok dinjadiin slogan kali kesal serius ubah bintang benar sistem,-1,-1
2,jangkau indonesia,0,-1
2,data hack email balas,0,-1
2,qr bayar kamera buram bayar aplikasi aplikasi mobile banking qr bayar,0,1
2,tolong baik kali daftar error,1,1
2,manfaat,0,0
2,mantap,1,1
2,daftar sulit foto kali ktp suruh ulangin aneh aplikasi coba butuh pakai barcode pakai,-1,-1
2,nice,1,1
2,daftar barcode cepat verifikasi sulit aplikasi sampah,-1,-1
2,perdana isi pakai mypertamina ojol lancar mantap voucher subsidi ojol gojek aplikasi asli anak bangsa hehe,1,1
2,oke,1,1
2,registrasi,0,0
2,oke,1,1
2,salah input edit spbu bantu buat suruh bayar,-1,0
2,masuk nomor daftar login bilang format salah,-1,-1
2,foto stnk unggah,0,-1
2,oke,1,1
2,aplikasi bagus unit pemberitahuan aplikasi sibuk,1,1
2,mantap,1,1
2,oke,1,1
2,bantu,0,0
2,unggah foto kendara,0,-1
2,aplikasi manfaat bayar mypertamina spbu tolak kali alas terima cash kecewa,-1,0
2,kecewa voucher pakai potong dana linkaja,-1,0
2,layan pds semua semua layan pds,0,1
2,cek mypertamina,0,1
2,mantap,1,1
2,maaf kasih bintang mohon baik lokasi tolong arah aplikasi maps salah mohon baca admin pertamina,-1,1
2,keren,1,1
2,layan,0,1
2,tarik bantu,0,0
2,terima kasih,0,1
2,daftar unit gagal alas sistem error tolong selesai,-1,-1
2,keren,1,1
2,bagus,1,1
2,registrasi nomor handphone daftar reset pin login format salah nomor handphone daftar daftar mau aplikasi plin plan gin,-1,-1
2,aplikasi buruk kirim data hasil salah sistem kirim data kendara jam suruh coba gila,-1,-1
2,isi data bilang kode area sesuai ktp data sesuai ktp kali kali ulang bikin kesal,-1,-1
2,qr akun subsidi hapus tolong sangkut kembali baik,0,1
2,is the baik,1,1
2,bintang,0,1
2,update login ulang mekanisme ambil barcode sulit tipikal aplikasi bumn hati pakai mudah guna paksa sulit adaptasi aplikasi,-1,-1
2,aplikasi tolol,-1,-1
2,lihat barcode pertamina,0,-1
2,terkadang kendara daftar gagal susah tuk daftar,-1,-1
2,mantap simpel,1,1
2,good job,1,1
2,oke,1,1
2,oke,1,1
2,mutu layan pertamina pom bagus moga langka bahan bakar pertalite bahan bakar,1,1
2,aplikasi simpel isi minyak non subsidi spbu,0,0
2,gin coba salah sistem mohon coba akun sulit,-1,-1
2,daftar gagal data roda ubah roda tolak verifikasi data,-1,-1
2,kondousip,0,1
2,aplikasi sih susah ikut klik centang bolak,-1,-1
2,sedih kemudi beaf isi liter pertamax daerah batim terima,-1,0
2,inovasi tiada henti keren,1,1
2,mantap,1,1
2,aplikasi layak pakai sistem,0,-1
2,simpel banding bayar pakai uang kontan,0,0
2,dar saran fitur bayar dana simpel praktis terima kasih,0,1
2,ganti nomor handphone nomor aktif,-1,-1
2,barcode muncul,0,0
2,aplikasi buka stack,0,0
2,bikin atur isi data gagal saran orang spbu admin huh,-1,-1
2,ramah mas operator,1,1
2,sulit,-1,-1
2,metode bayar gagal coba gagal potong bayar simpan kartu metode bayar,-1,1
2,aplikasi buruk bantu sebentar bentar update,-1,0
2,hidup susah beli pertalite pindai barcode sasar apa iya,-1,-1
2,erti pakai sulit,-1,-1
2,aju hapus akun proses selesai selesai solusi,1,-1
2,aplikasi buruk repot,-1,-1
2,oke,1,1
2,tuju aplikasi yah karyawan sih maaf,-1,-1
2,good,1,1
2,puas,1,1
2,good,1,1
2,aplikasi salah sistem terus daftar mal niat aplikasi arah orang unduh aplikasi isi bensin,0,-1
2,sulit parah keluh mah susah login barcode,-1,-1
2,aplikasi sial daftar susah guna susah,-1,-1
2,mantap pokok mahh,1,1
2,aplikasi cacat allah puluh kali foto stnk hasil,0,-1
2,aplikasi lot,0,1
2,mantap,1,1
2,good,1,1
2,bantu,0,0
2,mau sih pertamina bikin susah masyarakat ambil foto ktp suruh lengkap data kecewa,-1,-1
2,capai daftar akun verifikasi tinggal daftar kendara masuk ganggu pakai laptop,0,-1
2,mudah,1,1
2,update baru belit belit,1,1
2,praktis mudah,1,1
2,oke,1,1
2,suka,0,1
2,bagus,1,1
2,terima kasih perintah susah rakyat premium pertalite pakai daftar barcode hari daftar foto sulit jaring telkomsel buruk isi pertamax terima kasih susah susah rakyat,-1,-1
2,bantu,0,0
2,terima kasih mypertamina berkat aplikasi subsidi bahan bakar minyak hafal nomor nik nomor rangka unggah data gagal mantap tahan,-1,1
2,sulit,-1,-1
2,aplikasi daftar web hasil aplikasi hasil hapus akun aplikasi terang proses mutu suka uang kerja,1,-1
2,coba moga mudah lancar isi bahan bakar minyak sukses mypertamina aamiin,1,1
2,mantap lancar jaya,1,1
2,mantap,1,1
2,login sulit,-1,-1
2,mantap,1,1
2,sandi klaim arah tolong reset,0,-1
3,ting kamera wide,-1,1
3,kemarin fitur unggah berkas daftar subsidi,0,1
3,mantap,1,1
3,good,1,1
3,ambil foto nge buram heran kamera handphone buruk jelek pilih foto galeri gilir ambil foto gambar buram fokus verifikasi tolak salah aplikasi,-1,-1
3,aneh gagal verifikasi alas gagal stnk contoh tulis baca gagal anggar bumn aplikasi beres,-1,-1
3,spbu aplikasi gilir bayar pakai mypertamina error,0,0
3,ambil barcode,0,-1
3,daftar jirrrr foto ktp tolak jir,0,-1
3,kaya tanggap coba ulang kali unggah ktp hubung email solusi butuh mohon baik,1,-1
3,kendala daftar kendara coba kali solusi buat sistem kirim data stnk foto kendara gagal pesan salah sistem silah coba,-1,-1
3,susah orang,-1,-1
3,sulit masyarakat aplikasi baru kaya gin repot bikin ambil galeri foto ktp langsung foto tolong adakan aw buat terima kasih,-1,-1
3,ambil gambar ktp super buruk habis ktp bilang pakai kamera super,-1,-1
3,kamera web foto stnk besar fokus hasil buram tolak ulang kali sulit registrasi,-1,-1
3,bagus,1,1
3,foto stnk ambil galeri kaya,1,-1
3,cepat pakai antri,1,1
3,tadu unduh gagal cepat,-1,1
3,kali kali foto stnk buram gambar buram foto kamera tolong benar bikin sulit masyarakat,-1,-1
3,kacau mypertamina verifikasi tolak data database tolong woi ambil galeri foto kamera,0,-1
3,aplikasi aneh verifikasi data sesuai gagal isi keliru,-1,-1
3,server masalah,0,-1
3,tolong baik kamera unggah stnk buram kamera bagus ambil galeri pakai kamera bawa bagus ambil galeri tolong baik,1,1
3,aplikasi beban lihat qr sulit login,-1,-1
3,barcode orang coba bikin adu gagal gagal aplikasi cacat,-1,-1
3,unggah stnk gagal,-1,-1
3,sistem sibuk ikut atur susah,-1,-1
3,bantu,0,0
3,good,1,1
3,update posisi letak spbu nitik kebun kebun sesuai,0,0
3,aplikasi bagus akses subsidi suruh foto stnk selesai sesuai mb error kamera aplikasi milik rating jelek bikin kesal opsi pilih galeri wow cerdas sulit orang saran pilih unggah galeri moga orang tanggung benah doa rasa pecat miskin,-1,-1
3,daftar langsung qr kek suruh tunggu lapor keluh selesai tunggu selesai tuju daftar roda roda menu bikin keluh tunggu bulan jam parah stnk bpkb jenis bahan bakar minyak solar masuk pertalite otomatis qr guna kacau sulit habis kek,-1,-1
3,buruk layan buruk buruk akses ratus juta orang gampang,-1,-1
3,kesini sulit ambil foto stnk mobil galeri ambil foto fokus ukur foto enak enak versi ambil foto galeri update kek gin sulit ambil foto buram,1,-1
3,oke gas oke gas,1,1
3,cinta produk negeri bahan bakar minyak indonesia,1,1
3,registrasi tuk unggah foto ktp stnk pakai aplikasi playstore google chrome,0,-1
3,mohon baik sulit unggah file jpg foto terang bantu unggah file jpg,1,1
3,mudah,1,1
3,mantap,1,1
3,oke mypertamina,1,1
3,aplikasi bikin orang sulit susah keluh nomor tanggal desember komplain tanggal desember ikut up solved omong data mypertamina kendara volume silinder tulis roda sistem mending cancel kerja bisa susah orang,-1,-1
3,good job,1,1
3,aplikasi dana mudah,1,1
3,mudah,1,1
3,bantu beli bahan bakar minyak pertamina,0,0
3,mantap,1,1
3,minggu daftar kendara kena gagal sistem hubung call center kali solusi masuk data nomor dihubungin ubah gagal sistem hubung kait kendala,-1,-1
3,bagus,1,1
3,bingung habis bahan bakar minyak bulan,-1,-1
3,error customer respon,0,0
3,barcode aneh,-1,-1
3,qr,0,0
3,sih daftar subsidi salah sistem loh coba tolong,-1,-1
3,fitur oke metode bayar lumayan lengkap isi bahan bakar minyak spbu tugas bilang mypertamina unduh spbu situ barcode unduh aplikasi mypertamina,1,1
3,moga manfaat,1,0
3,mantap,1,1
3,coba,0,-1
3,mantap,1,1
3,aplikasi abal abal mudah blokir barcode,-1,-1
3,bikin emosi daftar sulit,-1,-1
3,aplikasi repot,0,1
3,layan,0,1
3,voucher elektronik mypertamina kasih bayar terang voucher metode bayar aplikasi error hih,1,0
3,aplikasi bagus,1,1
3,bahan bakar minyak ber subsidi,0,1
3,susah kode barcode isi data lengkap payah,-1,-1
3,mantap bantu,1,1
3,oke kamera lot,1,1
3,unduh aplikasi update kurang daftar bikin atur susah masyarakat,-1,-1
3,oke,1,1
3,layan sesuai prosedur operasi standar,0,1
3,barcode subsidi barcode salin curi orang tanggung batas limit isi bahan bakar minyak pakai habis tugas spbu isi habis limit main isi pindai barcode periksa sesuai nomor polisi pokok main pindai main colok atur perintah konyol,-1,0
3,update,0,0
3,kadang puas kadang kecewa layan pom bensin,-1,1
3,terima kasih bantu masyarakat,0,1
3,oke,1,1
3,coba ratus kali pakai web aplikasi ganggu sistem mypertamina sistem pasar parah parah,-1,-1
3,aplikasi ngawur koneksi gopay,-1,1
3,good,1,1
3,mantap,1,1
3,menu barcode,0,-1
3,plus nilai bikin ringkas sulit rumit,-1,-1
3,bantu,0,0
3,oke,1,1
3,tolong baik layan scan hati hati pakai handphone iqoo kamera lumayan bagus aplikasi pindai qr cepat aplikasi susah bayar pakai mypertamina ribut tugas gara gara aplikasi error,1,1
3,mantap,1,1
3,ganti pin blokir aduh parah,-1,-1
3,sulit foto stnk bpkb ktp ambil galeri foto langsung sulit mudah foto langsung bpkb bank leasing solusi barcode isi bahan bakar minyak spbu tugas bantu apa tolak solusi tolong baik donggg kek ambil foto galeri,1,-1
3,kelas bumn besar web daftar kendara aplikasi sok aplikasi hambat kerja,-1,-1
3,buruk pp daftar ambil qr update bagus,1,-1
3,layan cepat,1,1
3,aplikasi buruk akun,-1,-1
3,bantu,0,0
3,bantu terima kasih mypertamina,0,0
3,bagus,1,1
3,mudah,1,1
3,lambat kadang log out,-1,-1
3,bantu mudah,1,1
3,aplikasi kek sial data tinggal posting data tunggu sistem bodoh inti sulit subsidi sulit orang,-1,-1
3,muat ulang daftar,0,0
3,bagus,1,1
3,sulit rakyat mudah orang duit indonesia rakyat subsidi beli pertalite sulit pakai barcode rakyat aplikasi contoh negara malaysia subsidi murah bahan bakar minyak rakyat,-1,-1
3,daftar data valid tolak nomor polisi sesuai nomor polisi kirim email customer pertamina bingung alhamdulillah email kasih ulas balas tanggal januari aplikasi hasil verifikasi terima kasih,-1,0
3,bantu,0,0
3,cashback,0,1
3,bagus,1,1
3,program aneh coba unit error sistem pom bensin orang atur suruh hubung customer pertamina hubung customer kasih saran youtube coba bilang langsung tutup telepon customer program nasional wajib warga negara indonesia server solusi korup,-1,-1
3,lancar,0,1
3,aplikasi jaman mudah isi bensin sulit isi bensin barcode coba enak,1,1
3,good,1,1
3,mantap,1,1
3,mantap,1,1
3,pantes jasa bikin barcode bikin sulit foto ktp pencet oke kamera haha uninstall bayar calo,1,1
3,aplikasi perintah bagus,1,1
3,uang kembali transaksi januari spbu kletek taman sidoarjo ribu belit layan kembali uang sistem qris bejat,0,1
3,mantap ama,1,1
3,bantu,0,0
3,oke,1,1
3,salah sistem tolong lh bantu,0,-1
3,oke,1,1
3,cepat antri,0,1
3,mudah transaksi bahan bakar minyak,1,1
3,praktis,0,1
3,bantu,0,0
3,verifikasi tolak suruh masyarakat pakai aplikasi beli bahan bakar minyak aplikasi pakai baik aplikasi kacau,1,-1
3,tolong direktur pertamina slogan sesuai realita lapang slogan ganti gantung realita isi bahan bakar minyak manfaat mayoritas spbu khusus spbu kota medan cari untung isi full tank manfaat cari untung isi full tank isi contoh rp ribu kasih bukti admin bukti,1,0
3,aplikasi error paksa susah rakyat isi bahan bakar minyak sih capai isi data foto gilir kirim data respon sma loading kek indikasi tanda gagal jaring,-1,-1
3,buruk bantu daftar kendara keluarga unggah foto stnk foto langsung inti buruk buruk,-1,-1
3,praktis,0,1
3,oke bantu layan cepat,1,1
3,aplikasi sulit rakyat,-1,-1
3,mantap lancar cepat,1,1
3,muat laman subsidi,0,0
3,susah buka,-1,-1
3,good,1,1
3,sulit daftar sesuai,-1,-1
3,aplikasi mentok foto stnk mobil foto masuk daftar aplikasi daftar susah ampun beli pertalite bikin sulit gin beli pertalite,-1,-1
3,status daftar nomor polisi yaaak admin,0,0
3,oke,1,1
3,aplikasi ambil foto ktp,0,-1
3,daftar verifikasi bayar bank pasang nomor orang takut nomor verifikasi handphone orang,-1,-1
3,oke,1,1
3,pilih edit data transportasi,0,-1
4,good,1,1
4,kualitas kamera aplikasi buruk baca tuh stnk kamera buruk,-1,-1
4,daftar gagal foto stnk seta ganti foto stnk ganti nomor polisi sesuai coba,-1,-1
4,my pertamina pakai orang login masuk gagal,-1,-1
4,sosial media pertamina chat balas adu,1,0
4,good,1,1
4,bagus,1,1
4,foto buram verifikasi ambil galeri ning mudah bikin susah,-1,-1
4,sungguh sulit daftar handphone kualitas rendah foto stnk buram mesti tolak alangkah baik menu ambil galeri mohon bantu kasihan isi bahan bakar minyak sulit,-1,-1
4,dar tarif bahan bakar minyak aplikasi,0,1
4,aplikasi sulit ambil foto stnk,-1,-1
4,kamera foto berkas pakai kamera ultrawide kamera utama akses aplikasi paham kamera ultrawide milik hasil foto bagus kamera utama bagus ultrawide tolong timbang kembang kasihan masyarakat daftar hasil foto gagal,1,1
4,solusi pusat bantu daftar mypertamina vc unit mobil,-1,0
4,tanggal kemarin kirim email sanggah negative list kode qr blokir alas isi bensin kapasitas qr blokir isi subsidi nyata syarat jelas follow up kait minggu chat email facebook instagram jawab suruh tunggu kecewa,-1,-1
4,mantap alhamdulillah jadzakallaah khair kashiraahu,1,1
4,poin bayar cash tunai kompetitor belah,0,1
4,unggah foto stnk unggah galeri file unggah kamera langsung buram sebab verifikasi tolak bikin darah unggah stnk kamera foto buram mohon baik baik kecewa unggah foto buram pakai android,-1,-1
4,mantap,1,1
4,cepat praktis aman,1,1
4,admin daftar ubah nomor plat gagal,-1,-1
4,buruk kualitas kamera buram,-1,-1
4,bagus,1,1
4,good,1,1
4,coba web aplikasi dua tolak coba kali tolak terang mobil daftar beli mobil second barcode kayak solusi bismillah moga ulas mypertamina depan temu solusi,1,-1
4,aplikasi salah sistem urgent sulit fitur kamera langsung aplikasi lot handphone lot tolong kembang mang bijak perhati mudah akses,1,1
4,aplikasi buruk salah barcode sengaja barckode data kendara valid susah barcode faktor kurang kendara bahan bakar minyak terima kasih,-1,-1
4,good,1,1
4,tolak foto stnk foto kamera aplikasi buruk foto fokus besar,-1,-1
4,pulang update sistem enak susah aneh,1,-1
4,bagus,1,1
4,tolak daftar barcode gara foto stnk payah pertamina,-1,-1
4,promo,0,0
4,kesini kendala daftar barcode unggah foto stnk pilih galeri foto langsung sulit daftar tunggu verifikasi kemarin tolong baik enak pilih unggah galeri,1,-1
4,update baru daftar subsidi sulit tunggu verifikasi kaya update,-1,-1
4,oke praktis,1,1
4,keren,1,1
4,bagus,1,1
4,admin biaya agen gas lpg,0,1
4,data agen gas daftar kosong susah cari gas melon kg,-1,1
4,dzolim,0,1
4,beli gas elpiji non subsidi suruh beli aplikasi eh aplikasi putar kelas pertamina bikin aplikasi kaya gin,0,-1
4,gas warung kelontong agen bagi kalo beli usaha berat,-1,1
4,oke mantap,1,1
4,tolong tambah menu lokasi pangkal lpg,-1,0
4,history otomatis masuk,0,-1
4,akun tulis muat ulang muat ulang muat ulang muat ulang klik muat ulang kacau aplikasi,0,0
4,mantap,1,1
4,mantap,1,1
4,oke tahan sinyal bagus,1,1
4,harga pertamax rp wajar naik perlahan rp rp rp keri naik harga bahan bakar minyak kualitas pertamax suka delay naik harga pertamax cekik,-1,1
4,aplikasi update,0,0
4,excellent,1,1
4,sulit layan lancar,-1,1
4,oke,1,1
4,moga layan cepat,1,1
4,mantap,1,1
4,good,1,1
4,mantap,1,1
4,mudah mudah aplikasi mypertamina,1,1
4,susah masyarakat bijak pertamina,1,-1
4,sulit subsidi bahan bakar minyak isi data input data masuk akun formulir muncul pertamina serius bantu masyarakat tengah data base korlantas mobil daftar isi data subsidi tolak lapor plat mobil ganti putih nomor polisi otomatis ganti tolong pertamina jelas,-1,-1
4,simpel,0,0
4,laman program subsidi akses muncul pemberitahuan halaman muat koneksi stabil coba telkomsel wifi,0,0
4,mantap,1,1
4,aplikasi ampas stabil launch publish sulit isi bensin pakai barcode,-1,-1
4,aplikasi sih bikin susah rakyat solusi daftar susah mohon perhati senang sih lihat rakyat susah,-1,-1
4,barcode pakai orang main orang spbu toling generate barcode,0,-1
4,terima kasih,0,1
4,oke,1,1
4,bayar pilih bank bank,0,1
4,sulit bang,-1,-1
4,centang tombol paham tuju baca,0,-1
4,sulit,-1,-1
4,error,0,0
4,susah daftar tolak data asli,1,-1
4,puas,1,1
4,so far so good,1,1
4,good,1,1
4,salah sistem ulang kali bantu mudah masyarakat sulit masyarakat,-1,-1
4,gagal barcode,-1,-1
4,fitur bagus bagus bikin kesal bayar pakai mypertamina spbu error alhasil fungsi tuju install biar bank tarik tunai cashless repot pakai aplikasi tolong kembang baik ganggu orang awam bawa cash,1,1
4,mantap,1,1
4,kirim data stnk foto kendara,0,-1
4,banyak update,0,1
4,saldo gopay muncul suruh putus pemberitahuannya baik sistem,0,1
4,mantap aplikasi,1,1
4,aplikasi super sulit,1,-1
4,sambung qr bahan bakar minyak,0,1
4,you will get many manfaat such as cashback purchase poin,1,0
4,aplikasi muncul unit,0,0
4,mutasi plat nomor ubah cetak qr sesi habis sulit isi scan qr,-1,-1
4,verifikasi tolak gara gara salah input isi silinder pilih opsi ubah ganti kolom isi silinder salah tunggu minggu,-1,-1
4,aplikasi sukses bikin darah coba daftar hasil gara gara unggah foto stnk menu daftar,1,-1
4,pemberitahuan muat ulang halaman ambil barcode sentuh subsidi pemberitahuan,0,-1
4,mantap kak,1,1
4,oke,1,1
4,moga mudah akses bahan bakar minyak layan masyarakat indonesia,1,1
4,aneh ganggu sistem daftar subsidi tolong baik sistem,-1,-1
4,aplikasi taiikkkkkkkkkkkkk susah masyarakat sial,-1,-1
4,nomor polisi daftar ikut instruksi lampir bpkb stnk foto unit nomor polisi tolak aju banding,0,-1
4,oke,1,1
4,gagal verifikasi sih suruh barcode aplikasi error rakyat suruh layan bahan bakar minyak gin,-1,-1
4,bantu,0,0
4,aplikasi bikin susah negara paksa rakyat orang beres,-1,-1
4,cari qr kode pertalite putar buka web aplikasi,0,-1
4,bintang nol kasih mudah pasang aplikasi maksiat,1,1
4,mohon baik aplikasi baru aplikasi error baru barcode,1,1
4,susah daftar daftar sistem,-1,-1
4,sulit aplikasi buat akun hasil,-1,-1
4,bagus sih isi bensin keluar dompet paket data,1,1
4,ganggu spbu jujur susah sulit,-1,-1
4,verifikasi akun sukses klaim kode qr,1,-1
4,repot,0,1
4,praktis,0,1
4,jumat berkah,0,0
4,mantap,1,1
4,hasil kirim data smp pakai handphone hasil jaring kuat jaring perangkat kirim keluh atensi,1,-1
4,lokasi,0,0
4,login gagal sistem coba,-1,-1
4,apa unggah stnk mobil plus nomor polisi ujung ujung nomor polisi sesuai,0,-1
4,barcode salah tugas spbu isi mobil timbun bahan bakar minyak legal lapor,-1,-1
4,driver gojek hubung gopay mantap mudah uang tunai,1,1
4,mypertamina mudah isi bahan bakar minyak,1,1
4,tolong akun blokir admin,0,1
4,mudah,1,1
4,unggah foto daftar fungsi aplikasi bumn masalah andan daerah merk pertamina,0,-1
4,oke,1,1
4,pakai spbu aplikasi luncur alat bayar spbu indonesia,0,0
4,sulit,-1,-1
4,daftar kendara tulis salah sistem aplikasi teknologi alternatif buang buang,-1,-1
4,isi motor tugas mypertamina error kaya jawab spbu error mypertamina,0,0
4,praktis,0,1
4,aplikasi buruk habis uang negara layak makan uang haram zholim laknat orang terzolimi,-1,-1
4,daftar gagal ubah data ubah data hasil roda roda verifikasi daftar kendara gagal terang subsidi khusus roda ubah data update mohon cerah terima kasih,1,-1
4,rumit,-1,-1
4,aplikasi lot daftar isi bahan bakar minyak subsidi gilir daftar mypertamina tanggap,0,1
4,sial sial aplikasi daftar susah link kirim periksa whatsapp reset pin pesan sial gin deh beli mi arus daftar,-1,0
4,salah sistem daftar kendara halo admin coba baik aplikasi maka juta umat indonesia error bagus aplikasi manfaat kaya gin,1,1
4,lambat,-1,-1
4,bantu,0,0
4,bantu,0,0
4,susah rakyat daftar repot,-1,-1
4,isi bensin sulit bikin barcode menu bantu video call nomor antri tunggu jam,-1,-1
4,akurat,1,1
4,aplikasi tolol daftar salah sistem,-1,-1
5,tolong tim baik sistem isi bahan bakar minyak subsidi kuota tinggal kemarin isi bahan bakar minyak transaksi pemberitahuan riwayat bayar aplikasi contoh bayar tunai pantau penyalahgunaan barcode,1,1
5,unggah stnk susah mati,-1,-1
5,aplikasi subsidi daftar sulit data full foto stnk bpkb tolak beli mobil bekas unggah tolak kecewa moga spbu shell cepat balikpapan,-1,-1
5,susah foto ktp menu edit pilih galeri gagal,-1,-1
5,sulit,-1,-1
5,tolong sulit lalap gagal daftar sesuai suruh heran,-1,-1
5,aplikasi sampah cerita digital buat perintah eh saking buruk unggah data hasil banyak korup ua gnya kali biaya aplikasi hasil aplikasi abal bikin anak ajar software,-1,-1
5,atur fokus aplikasi fitur cahaya pindai stnk hasil buram baca aplikasi,1,-1
5,daftar ganti plat pajak ganti plat daftar kode qr,0,-1
5,akun,0,-1
5,tolong update aplikasi aju kali tolak foto stnk murni salah aplikasi kamera buram buka aplikasi mypertamina buka aplikasi bawa handphone kamera bagus buram,1,-1
5,tugas erti bayar pakai my pertamina erti malas,-1,-1
5,manfaat,0,0
5,praktis,0,1
5,atur susah barcode kedaluwarsa update daftar ulang sulit stnk terang,-1,-1
5,bantu antri cruiser,0,0
5,seta ganti plat nomor niat update aplikasi fitur ambil foto stnk buram mohon baik kasih fitur ambil foto galeri,1,-1
5,input manual update enak susah baru mudah sulit,1,1
5,tolong baik foto stnk file mb atas salah,1,1
5,aplikasi buruk isi data lap habis isi isi verifikasi foto hasil menu foto ambil galeri harus foto settingan default kamera aplikasi mode wide aplikasi mudah bikin susah,-1,-1
5,login nomor handphone pin reset pin pakai pin login,0,-1
5,aneh aplikasi kendara daftar login web guna aplikasi buang anggar,-1,-1
5,stnk input galeri sungguh repot,1,1
5,oke,1,1
5,pds akses aplikasi baca maps masuk alamat susah beli gas sulit,-1,-1
5,mantap,1,1
5,update data efektif,1,1
5,salah sistem salah sistem salah sistem coba ratus kali hasil,-1,-1
5,lambat layan email phone sulit masyarakat mobil roda roda proses selesai desember februari,-1,-1
5,aplikasi,0,-1
5,efektif guna tindak verifikasi orang rajin bayar pajak bahan bakar minyak sulit,1,-1
5,bantu,0,0
5,verifikasi data,0,-1
5,mantap,1,1
5,kamera buram fokus foto stnk pakai iphone,0,-1
5,aplikasi mudah sulit,-1,1
5,bingung barcode kasihan paham perintah milik handphone android gagap teknologi hidup zaman serba urus,-1,-1
5,daftar barcode,0,-1
5,oke,1,1
5,terima kasih aplikasi mudah unduh susah barcode,-1,1
5,barcode status pakai pegawai pom banyak kongkalikong ketap bensin nomor plat sesuai kasih ceper situ,1,0
5,mudah,1,1
5,pakai mobil roda data tulis roda urus samsat tolong mudah praktis,1,-1
5,mantap,1,1
5,kacau aplikasi daftar susah,-1,-1
5,mantap,1,1
5,bagus aplikasi,1,1
5,nama perintah beres sadar masyarakat kasih bintang ulas kritis beres mudah sulit,1,-1
5,bantu buat barcode terima kasih pertamina,0,0
5,aplikasi bagusbisa bayar online qris subsidi terima kasih,1,0
5,tingkat mutu layan terima kasih,0,1
5,oke,1,1
5,mantap,1,1
5,nice,1,1
5,transaksi cepat mudah pegawai spbu ug ramah,1,1
5,kecewa sengaja isi saldo bayar pakai aplikasi pom guna aplikasi,-1,-1
5,hubung link isi bensin,0,-1
5,layan spbu maksimal,0,-1
5,layan masyarakat good,1,1
5,bagus mantap,1,1
5,akun subsidi salah sistem remeh sistem pertamina sistem siap tahun paksa jalan prihatin,-1,-1
5,aplikasi cacat pemberitahuan halaman muat sayang uang negara buang bikin aplikasi gagal,-1,-1
5,isi bensin aplikasi pikir orang habis kuota habis baterai ganggu sinyal handphone tinggal minyak habis isi isi kasih isi tuh minyak,-1,-1
5,keren aplikasi manfaat,1,1
5,cie proses digitalisasi zaman covid hasil aplikasi selamat,1,1
5,nice,1,1
5,nomor handphone pin klaim salah sesuai daftar aduh,-1,-1
5,aplikasi susah masyarakat proses sulit tambah terkadang server error butuh masyarakat bahan bakar minyak subsidi spbu pertamina wajib barcode proses daftar sulit orang beli bahan bakar minyak subsidi,-1,-1
5,oke lancar,1,1
5,pertamina bumn kelas bumn pakai qris baca mypertamina maksa pakai aplikasi biar laku kasihan mypertamina laku sulit sih bumn sih gagap teknologi,-1,-1
5,kembang mypertamina tolong ain bayar via aplikasi dana,0,1
5,bagus,1,1
5,sulit masyarakat,-1,-1
5,oke mobil mewah isi pertalite,1,1
5,buka subsidi pakai browser nyatu aplikasi,0,0
5,wow,1,1
5,aplikasi daerah guna spbu layan bayar aplikasi,0,0
5,bagus mudah praktis sambung bayar dompet elektronik,1,1
5,bayar kartu kredit gagal cek muncul langsung halaman utama,-1,0
5,gagap teknologi kali coba qr kode bahan bakar minyak gagal tolong bantu terima kasih,-1,-1
5,maaf kasih lengkap dat menu lurah guntur lurah guntur tolong,-1,1
5,mantap,1,1
5,mantap praktis,1,1
5,mantap,1,1
5,moga manfaat berkah,0,0
5,balas email kirim hemm,0,-1
5,hilang fitur transaksi program mypertamina error barcode bikin tengkar langgan operator,-1,0
5,register barcode barcode baru data error,1,-1
5,simpel kurang aktivitas fisik,0,1
5,good job,1,1
5,daftar subsidi,0,-1
5,driver taxi angkut darat roda,0,1
5,guna friendly sih aplikasi verifikasi lebih good,1,1
5,data tulis lengkap verifikasi tolak ubah data sulit ampun,-1,-1
5,bantu,0,0
5,bagus,1,1
5,aplikasi bagus tingkat terima kasih,1,1
5,bikin aplikasi gilir keluh susah ampun video call bilang sih telepon video call antar tunggu telepon gelap gulita suara,-1,-1
5,aplikasi sampah tolol update susah isi bensin update alhasil bikin pom pegang operasional aplikasi pecat cari kompeten eror isi eh pindai barcode kali kali coba tugas bilang suruh tunggu jam coba,-1,-1
5,login,0,-1
5,web aplikasi rusak guna salah sistem mohon coba coba hasil sulit isi bahan bakar minyak sulit daftar sulit hei dunia,-1,-1
5,bikin aplikasi mypertamina spbu alas ganggu hapus mypertamina play store,-1,-1
5,mobil mewah alfard crv innova barcode beli pertalite,0,0
5,mypertamina mantap,1,1
5,isi bahan bakar minyak barcode pakai orang kasih barcode orang,0,-1
5,daftar kode qr beli bahan bakar minyak spbu tolong pandu,0,0
5,manfaat,0,0
5,daftar otp bumn bikin anggar negara,0,-1
5,praktis keren,1,1
5,buruk ulang ulang verifikasi gagal sinyal bagus foto lengkap verifikasi gagal kode otp pesan muncul hubung call center solusi suruh ulang ulang gagal verifikasi tolong aplikasi tinjau ulang server terima kasih,-1,-1
5,mantap,1,1
5,mantap boss,1,1
5,kaum rebah bikin aplikasi daftar kendala,-1,-1
5,buruk hapus mobil daftar repot beli bekas daftar,-1,-1
5,aplikasi sial,0,-1
5,bayar bahan bakar minyak mudah,1,1
5,putar isi data ujung stnk salah roda daftar samsat sdm rendah makan uang pajak isi bensin putar,-1,-1
5,overall oke,1,1
5,bantu,0,0
5,stres pakai aplikasi posting ktp gagal langsung ambil foto galeri uk batas bodoh sengaja susah,-1,-1
5,susah daftar kendara,-1,-1
5,oke,1,1
5,mantap indonesa,1,1
5,bantu,0,0
5,mudah beli bahan bakar minyak sesuai jenis kendara online orang jual barcode sesuai spek kendara ktp coba,1,-1
5,keren,1,1
5,good,1,1
5,susah daftar mudah masyarakat sulit buruk,-1,-1
5,daftar unduh pilih daftar aneh rusak,-1,-1
5,mudah,1,1
5,susah,-1,-1
5,good,1,1
5,sdm daftar ketik daftar masuk registrasi definisi sulit,-1,-1
5,maksimal terap,0,-1
5,baik,1,1
5,tunjang layan jasa,0,1
5,nomor polisi kendara sesuai deh sesuai tulis stnk aplikasi baik deh,1,-1
5,buruk daftar sulit,-1,-1
5,aplikasi daftar baca muat ulang coba siang malam,0,0
5,puas,1,1
5,bulan daftar coba coba emosi tingkat salah sistem mau coba data isi lengkap gilir akun salah sistem sistem buruk malu,-1,-1
5,aplikasi aneh isi data lengkap masuk daftar aplikasi perintah indonesia lambat sulit daftar login sulit rakyat bisa,-1,-1
5,te,0,1
5,oke,1,1
5,pertamina beres daftar kali kali barcode mobil innova alfard isi pertalite barcode pertamina rugingak beres,0,-1
6,barcode,0,-1
6,qr kode muncul hasil verifikasi,0,0
6,woyy tolong sok pakai atur barcode urus aplikasi selesai proses reset minggu ganggu kamera bikin buruk buram baik please konsumen tolong buat barcode bikin sulit kamera buruk handphone mahal sekligus lelah,-1,-1
6,mantap,1,1
6,ubah stnk tahun nomor polisi kendara ubah daftar ulang sulit rubah nomor polisi ubah daftar ulang,-1,-1
6,unggah foto ktp gagal susah,-1,-1
6,pertamina call center hubung pesan gas blora jawa janji jam pagi jam silah,-1,-1
6,praktis sulit bawa uang cash,-1,1
6,kesini unggah stnk sulit baca fokus handphone mending menyantumkan foto saran mah susah orang lot foto stnk hadeehhh suram suram,-1,-1
6,masuk foto stnk galeri foto langsung gagal stnk sesuai,-1,-1
6,coba,0,-1
6,tambah unit subsidi subsidi data kirim salah sistem kali kali coba,-1,-1
6,update sulit lambat my pertamina hemmm,-1,-1
6,foto stnk unggah mohon bantu foto unggah bagus foto baca sistem tolong pertamina foto unggah album mudah,1,1
6,kamera subsidi foto stnk daftar barcode kamera buram coba handphone susah daftar tolong baik,1,-1
6,pom bensin tolak mesin rusak alat barcode bikin aplikasi,-1,-1
6,keren,1,1
6,kaya galeri foto foto langsung stnk foto stnk asli langsung foto layar salin coba foto potong sering salah sistem foto buram fokus kamera tolong admin update foto galeri foto,1,-1
6,kendala hubung gopay metode bayar mohon baik terima kasih,1,1
6,tugas,0,1
6,barcode ulang kali reset barcode mobil pakai barcode atur verifikasi nomor plat barcode,0,-1
6,jual gas,0,1
6,cek tagih gas pgn,0,1
6,mantap cepat aman,1,1
6,aplikasi nyaman daftar foto kamera aplikasi unggah stnk fokus susah daftar barcode,-1,-1
6,bintang lanjut,1,0
6,promo please,0,0
6,hai pertamina baik sistem usaha uang gin aplikasi tolong hormat direktur utama pt pertamina aplikasi susah rakyat daftar masuk sesuai stnk kendara tolak nomor polisi masuk beda daftar payah,1,-1
6,kembali mypertamina unggah foto galeri,0,1
6,daftar sulit,-1,-1
6,coba,0,-1
6,unggah foto galeri foto langsung tingkat bu tidak unggah foto stnk langsung ambil galeri foto ulang tolong baru susah daftar,-1,-1
6,mantap,1,1
6,kasih bintang bagus kasih bintang,1,1
6,bagus,1,1
6,sulit,-1,-1
6,kode otp coba whatsapp pesan coba,0,0
6,daftar unduh beranda nik daftar,0,0
6,deteksi lokasi muncul tulis aplikasi deteksi lokasi google maps,0,0
6,transaksi mypertamina poin,0,1
6,kode qr muat data mobil,0,0
6,guna telepon call center pulsa habis operator bicara perintah bikin susah rakyat,-1,-1
6,pesan gas via website via telepon menit layan tugas dengar,0,0
6,tolong sistem kondisi lapang masak gara gara stock stnk samsat habis daftar bahan bakar minyak subsidi unggah stnk habis stock unggah stempel samsat,0,-1
6,selalu isi pakai kode qr lihat riwayat proses transaksi guna kode kosong,-1,-1
6,manjay mantap jaya,1,1
6,sulit pakai barcode mobil mewah isi,-1,-1
6,kirim data kendara,0,-1
6,lambat,-1,-1
6,serba sulit daftar login sulit login,-1,-1
6,daftar kendara error coba ulang kali error salah sistem qr kode spbu layan qr mohon baik sistem,-1,-1
6,good job,1,1
6,mudah proses,1,1
6,oke,1,1
6,mohon step mudah,1,1
6,oke,1,1
6,mantap,1,1
6,aplikasi buruk ganggu mudah jaring bagus pemberitahuan suruh muat ulang kocak,-1,-1
6,bantu bawa uang cash tolong pertamina bahan bakar minyak murahin,0,1
6,bintang layak mobil anggur isi bensin data verifikasi gagal barcode sistem sibuk,-1,-1
6,bagus,1,1
6,salah sistem bikin akun beli bensin sulit pertamina heiiiii susah rakyat,-1,-1
6,mudah mudah sasar,1,1
6,edit tinggal opsi unduh qr fungsi,1,0
6,good,1,1
6,mantap,1,1
6,oke,1,1
6,bagus,1,1
6,daftar barcode mobil unit mobil bpkb mobil barcode mobil bpkb leasing foto bpkb mobil coba mypertamina suka sulit gun,-1,-1
6,oke,1,1
6,aplikasi cacat,-1,-1
6,oke,1,1
6,barcode susah,-1,-1
6,mudah,1,1
6,beli mobil bekas mohon keluh nomor polisi valid aplikasi rusak,-1,-1
6,subsidi tepat kapasitas mesin salah kunci subsidi sich mobil mewah isi pertalite bio solar aneh,1,-1
6,error daftar kendara pasu nomor rangka tulis data kendara sesuai data sesuai kali isi data,0,-1
6,oke bagus,1,1
6,buat barcode lumayan mudah,1,1
6,bagus,1,1
6,oke,1,1
6,mantap,1,1
6,aplikasi bayar klaim poin guna antri cepat lambat tunggu proses bayar update fitur metode bayar gopay ovo klik gagal proses haisss fakta lapang motor beli pertalite pakai aplikasi kaya oknum aplikasi paksa pertamax,-1,-1
6,oke,1,1
6,batu rumah kode qr,0,0
6,unggah foto ktp kali gagal bikin aplikasi mudah rakyat sulit gilir unggah cek data roda bagong negara,-1,-1
6,good,1,1
6,susah isi menu utama,-1,-1
6,bagus lanjut,1,1
6,oke,1,1
6,baik sistem,1,1
6,foto stnk unggah handphone komputer foto langsung sulit daftar,-1,-1
6,mantap,1,1
6,aplikasi buruk sulit putar putar susah bikin akun sulit ambil pin tolong baik,-1,-1
6,mantap,1,1
6,sulit konfirmasi unduh kode qr aplikasi buka unduh kode qr aneh salah sandi email sesuai daftar,-1,-1
6,sulit,-1,-1
6,oke,1,1
6,manfaat,0,0
6,susah masyarakat,-1,-1
6,praktis efektif,1,1
6,bagus mudah,1,1
6,kacau hasil daftar akun daftar unit kendara pemberitahuan daftar pertalite khusus kendara roda kendara roda wajib daftar beli pertalite pasu kali hari beda nomor rangka sesuai coba tim vendor tolong benah usaha bumn asa umkm terima kasih,1,-1
6,gagal buka,-1,-1
6,salah sistem mohon cerah isi data sesuai gagal mau sih daftar bikin sulit isi bahan bakar minyak sulit aplikasi masalah pusing coba ibu hadehhh,-1,-1
6,aplikasi susah masyarakat daftar sulit gagal daftar ulang nik daftar perintah sistem susah orang desak antar orang sakit jalan pakai mobil pribadi kuota pom isi minyak kendara layan usaha mypertamina tanggung,-1,-1
6,main handphone isi bahan bakar minyak balik main handphone isi bahan bakar minyak,0,1
6,maju pantang mundur kabur lari,0,1
6,kode registrasi kirim masuk,0,-1
6,kelas bumn bikin aplikasi sulit sumber daya manusia rendah gaji,-1,-1
6,bagus,1,1
6,sulit,-1,-1
6,aplikasi sial data stnk bpkb plat nomor ktp tolak alas data valid,-1,-1
6,suruh foto stnk subsidi gilir foto centang langsung suruh isi ulang kali kali isi website benar woi samsat benar data,0,-1
6,kumpul point,0,1
6,unggah foto ktp daftar klik oke ambil foto cari solusi,1,-1
6,jalan kota,0,1
6,masuk daftar subsidi aplikasi buka bagai pertamina pilih bulu gin cerita,0,-1
6,bantu mantap margo mantap,1,1
6,kali daftar verifikasi tolak nomor polisi sua foto mobil stnk,0,-1
6,oke,1,1
6,sulit bayar hutang pakai barcode,-1,-1
6,aplikasi berat konsumen daftar nik ktp bpkb mobil bpkb leasing mobil lunas,-1,-1
6,terima kasih aplikasi mudah,1,1
6,kemarin daftar barcode kada luarsa login klaim barcode pusing,0,-1
6,mantap bantu,1,1
6,barcode mypertamina akun muncul,0,0
6,foto stnk respon,0,-1
6,spbu daerah sumbar riau bayar mypertamina,0,0
6,bagus,1,1
6,aplikasi baja,0,1
6,maksud bagus biar data sayang aplikasi pakai input data mobil error habis anggar aplikasi masyarakat nikmat,1,-1
6,oke,1,1
6,mantap,1,1
6,selagi niat dukung allah swt,-1,0
6,izin kare terbit barcode,-1,0
6,tolong kembali unggah foto stnk galeri sulit foto langsung mobil diam tempat butuh makan,-1,-1
6,aplikasi bikin pusing,0,-1
6,foto mobil eh verifikasi ulang,0,-1
6,mohon maaf admin guna bahan bakar minyak dexlite bayar aplikasi coba kali gagal jaring stabil tolong baik,1,-1
6,mantap tinggal pindai qris mesin operasi masalah input manual,1,1
6,isi bahan bakar minyak spbu isi tugas isi transaksi,0,1
6,oke,1,1
6,bagus layan mantap,1,1
6,aplikasi buruk pin nomor telepon lucu,-1,-1
7,jelas guna,1,1
7,sulit barcode mohon mudah rakyat indonesia,-1,-1
7,aplikasi capai lelah isi data sistem masalah tolong pertamina,-1,-1
7,aplikasi buruk barcode pakai spbu coba cari barcode kendara aplikasi mypertamina unduh menu cari barcode kendara daftar isi data ulang ulang isi data nomor kendara cari daftar barcode unduh pakai kali kali isi bahan bakar minyak,-1,-1
7,oke mantap,1,1
7,bantu,0,0
7,qr customer tampil,0,0
7,blokir bikin normal,1,-1
7,kelas otp masuk masuk,0,0
7,mudah transaksi terima kasih,1,1
7,login format salah nomor handphone sandi ganti sandi,-1,0
7,kualitas buruk update unggah foto kamera buram fokus,-1,-1
7,ajar,0,1
7,sulit maksimal fitur,-1,-1
7,manfaat ojek online,0,1
7,gin susah susah,-1,-1
7,bantu,0,0
7,bolak unggah data selesai verifikasi akun kabar,0,-1
7,mantap,1,1
7,mantap,1,1
7,buruk masak tolak kirim foto,-1,-1
7,aplikasi laku paksa karyawan spbu fake transaksi lawak pertamina,-1,-1
7,registrasi pandu foto stnk foto mobil tolong jelas terima kasih,0,0
7,oke,1,1
7,cacat gilir capai antri aplikasi error pergi tarik tunai antri,0,0
7,update,0,0
7,admin tolong kali verifikasi tolak foto stnk anggap hitam putih foto salin asli foto berkas stnk asli pakai iphone hasil buram png jpg jpeg tolong kasih solusi,1,-1
7,akses halaman subsidi refresh halaman aplikasi bumn aplikasi anak magang buang label bumn mu malu malu in,0,-1
7,mantap,1,1
7,muas,1,1
7,oke,1,1
7,aplikasi buruk bantu sulit,-1,-1
7,konoha bagong up load foto stnk pajak susah ampun,-1,-1
7,mantap,1,1
7,bintang,0,1
7,manfaat,0,0
7,senang,0,1
7,asyik,1,-1
7,mudah simpel,1,1
7,ambil foto beranda,0,-1
7,oke,1,1
7,keren mantap mudah terima kasih,1,1
7,barcode salah orang hak tolong pertamina tambah kode otp isi bahan bakar minyak,-1,-1
7,mantap,1,1
7,aplikasi sinkron samsat ganti plat nomor daftar ulang sulit negeri konoha,-1,-1
7,oke,1,1
7,daftar pertalite subsidi gagal bolak pasang beberapa handphone gagal,-1,-1
7,oke,1,1
7,repot barcode mypertamina aplikasi tolong mudah,1,1
7,halaman verifikasi kode verifikasi kirim kirim whatsapp pesan ulang nomor daftar sulit,-1,-1
7,bagus,1,1
7,aplikasi daftar buruk sulit,-1,-1
7,minggu coba daftar gagal registrasi suruh coba coba minggu coba ubah pakai barcode sulit daftar tolong mypertamina baik aplikasi biar masyarakat mudah akses daftar masyarakat senang mypertamina senang terima kasih,1,-1
7,data plat kendara isi sesuai arah eh sandi salah mau pertamina,-1,-1
7,susah daftar susah,-1,-1
7,registrasi mypertamina isi pertalite mobil jalan yogya bandung eh isi pertalite cek mypertamina perintah muat ulang klik kali telepon data data aneh aplikasi turun bintang,-1,-1
7,gopay tabung sulit pakai ovo,-1,-1
7,suruh pakai aplikasi error,0,-1
7,mantap,1,1
7,aplikasi sulit lebih sulit aplikasi perban beli pinjam syarat syarat barcode beli rumah payah,-1,-1
7,oke,1,1
7,aplikasi buruk salah jaring unggah,-1,-1
7,payah kendara mending balik jaman purba,1,1
7,nice,1,1
7,update data hilang login masuk data nik aplikasi sampah,0,-1
7,sungguh mantap,1,1
7,sulit,-1,-1
7,barcode suruh bayar,0,-1
7,sulit bantu,-1,-1
7,bantu beli bahan bakar praktis pilih metode bayar,0,0
7,hapus baca komentar kecewa sih tolong revisi biar bintang full aplikasi,-1,-1
7,daftar subsidi bahan bakar minyak tolak aplikasi muda sulit,-1,-1
7,oke mantap,1,1
7,coba sukses barcode tuk beli bahan bakar minyak alas suruh update update data verifikasi stnk daftar error tolong aplikasi baru mudah masyarakat,1,-1
7,barcode,0,-1
7,susah akun daftar daftar ulang wajib bpkb,-1,-1
7,buruk daftar mypertamina login nik sandi sesuai masuk sulit masyarakat aplikasi buruk parah gin sulit masyarakat hadehh,-1,-1
7,aplikasi update mohon isi data ka,0,-1
7,ikut tunjuk proses daftar akun gampang tinggal tunggu verifikasi,1,-1
7,cepat layan ramah,1,1
7,mantap,1,1
7,bagus aplikasi sungguh bantu jaman modern,1,1
7,bagus mypertamina,1,1
7,sulit tolol,-1,-1
7,aplikasi riset sandi error fitur aplikasi fokus tuju kontrol pengunaan bahan bakar minyak subsidi kalimantan barat kabupaten sekadau pakai barcode pom bensin cepat habis kosong aneh,1,-1
7,rumit sinyal spbu susah,-1,-1
7,aplikasi payah ambil otp error kirim data bikin qr sistem alami salah alas bikin aplikasi sengaja sulit rakyat alas jaring bayar server korupsi wajib,-1,-1
7,admin kendara habis mutasi daftar barcode solar isi data suruh foto stnk stnk suruh tunggu solusi admin,0,-1
7,simpel bantu,0,0
7,bayar error antri ujung ujung beli antri,0,0
7,barcode ganti plat nomor tolak sistem foto stnk mobil niru tutorial youtube tolak payah bikin susah masyarakat,-1,-1
7,aplikasi lot tolong baik,1,1
7,mantap,1,1
7,daftar subsidi sistem error,0,-1
7,mantap,1,1
7,bayar lancar maaf daftar subsidi susah foto gagal ambil gambar galeri mohon baik ambil gambar galeri terima kasih,-1,-1
7,oke,1,1
7,digitalisasi pasti guna kendala kalo kendala pasti mumpuni kerja urus daftar kek selesai buang woi,1,-1
7,aplikasi batu,0,1
7,mantap,1,1
7,terima kasih,0,1
7,mobil ganti mobil jual bahan bakar minyak bio solar ganti mobil bahan bakar minyak pertalite,0,0
7,oke,1,1
7,mitra aktif,-1,-1
7,good,1,1
7,sulit urgent isi bahan bakar daftar mypertamina daftar hasil login sulit masyarakat,-1,-1
7,cakap,0,1
7,barcode,0,-1
7,sulit kasih solusi sebal,-1,-1
7,mantap,1,1
7,oke,1,1
7,update sebal,-1,0
7,koneksi layan input data dokumen aju qr kode mypertamina,0,0
7,pertamina moga lihat komentar rating bintang layan ajar sopan ketus alami isi bensin sulit layan ketus etis isi pom bensin mayor,-1,1
7,bagus,1,1
7,mantap poin,1,1
7,bantu,0,0
7,erti fungsi aplikasi jual aplikasi biar unduh isi bahan bakar minyak sulit kali mesti tunjuk barcode beda tunjuk barcode barcode bahan bakar langka tolong bantu paham aplikasi lot kali,-1,-1
7,sabtu jan jam isi pertalite ribu pakai barcode kuota habis pom isi tanggal jan isi,0,-1
7,oke,1,1
7,bagus,1,1
7,abu abdillah kaibon barokallohufikum,0,1
7,penting,1,1
7,aplikasi sempurna,1,1
7,subsidi tepat error muncul pilih uninstall,1,0
7,susah daftar unggah foto menu daftar pakai indonesia harus error parah,-1,-1
7,aplikasi lol negara lol,1,1
7,aplikasi orang bodoh daftar otp masuk ulang slide coba ulang pemberitahuan nomor daftar coba langsung masuk nomor daftar akun blokir astaga mabuk kecubung logika masuk program daftar aplikasi kek gin,-1,-1
7,aplikasi tarik tampil fungsi aplikasi playstore tampil layar utama nama ahh,1,0
7,mantap,1,1
7,coba tambah fitur pilih foto galeri daftar unit kendara efektif kondisi stnk tempat fitur ambil foto langsung foto,1,-1
7,isi masyarakat bikin susah,-1,-1
7,daftar barcode enak pakai foto file aplikasi live buram kamera hasil,1,1
7,aplikasi error,0,0
7,bantu,0,0
7,klaim kode qr susah ampun aplikasi biar mudah sulit payah,-1,-1
7,gagal mem foto stnk kendara daftar,-1,-1
7,aplikasi sistem ngawur deploy playstore uji kah salah sistem layan evaluasi rekrut sdm daftar kendara roda tulis roda sistem mending mundur habis anggar balas bot,-1,-1
7,aplikasi mutu gambar salah sistem kali kali benah sistem biar lancar aplikasi mudah sulit email respon aplikasi sial,-1,-1
7,bagus lancar,1,1
7,maaf kali beli bahan bakar minyak pakai aplikasi mypertamina mudah aman uang cash,1,1
7,buruk pindai salah dark mode handphone ckckck anggar aplikasi newbie,-1,-1
7,bantu poin,0,0
7,lancar jaya,1,1
7,aplikasi pakai dompet digital dana,0,1
8,mudah sulit unggah foto ulang ulang,1,-1
8,habis update unggah foto stnk susah foto stnk tolak foto sih subsidi daftar susah gin,-1,-1
8,terima foto ktp pemberitahuan tulis merah verifikasi foto ktp gagal aplikasi buruk susah masyarakat bossss tolong bantu masyarakat,-1,-1
8,daftar nomor rang mob plat baca aplikasi roda solusi,0,-1
8,sulit mudah,1,1
8,mantap,1,1
8,bagus,1,1
8,tolong tambah metode bayar via dana,0,1
8,daftar gagal blanko stnk habis telepon call center solusi stempel blanko tanda proses tolong depa solusi,-1,-1
8,aplikasi sulit rakyat,-1,-1
8,puas terima kasih layan bagus,1,1
8,bayar linkaja,0,1
8,guna mudah kendala pom desa pom bayar pakai mypertamina moga optimal pom,0,1
8,kamera ambil foto stnk kamera aktif buram sulit guna,-1,-1
8,isi bensin langsung pakai gopay,1,-1
8,bagus,1,1
8,sulit daftar foto stnk gagal aplikasi yaaallllahhh seng ter,-1,-1
8,good salam mypertamina tolong bantu barcode subsidi pertalite pendar kendara akun verifikasi tolong arah terima kasih,1,1
8,pertamina bagus suka warga negara indonesia cinta produk indonesia,1,1
8,qr kode mypertamina beli kendara show room bekas tangan kendara daftar nomor polisi my pertamina daftar mypertamina tolak mohon jelas saran terima kasih,0,-1
8,sulit,-1,-1
8,unggah stnk ambil galeri langsung ambil foto kamera cembung normal jatuh sulit mudah,1,-1
8,update pakai kamera bawa aplikasi aplikasi susah rakyat kamera dukung aplikasi kaya sampah,-1,-1
8,good,1,1
8,bagus,1,1
8,bpkb hasil pindai bpkb gadai beli unit,0,-1
8,oke,1,1
8,sulit masuk,-1,-1
8,tingkat aplikasi layan bagus mantap pertamina,1,1
8,sulit foto ktp gagal,-1,-1
8,buruk tunggu verifikasi data error,-1,-1
8,tolong laa pom bensin kasih edc sulit isi mypertamina saran,-1,-1
8,foto ktp kotak gagal,-1,-1
8,barcode update bulan takut salah contoh punya barcode pakai isi bahan bakar minyak takut barcode salin salah baru langsung verifikasi nomor telepon akun foto sulit,-1,-1
8,mudah aktivitas hari,1,1
8,tolong bikin barcode mobil beli orang nama pasti plat mobil solusi bikin barcode mobil nama iya tunjuk solusi,0,-1
8,gas kg langka,1,1
8,layan baik,1,1
8,buruk,-1,-1
8,aplikasi error buka qr kode halaman muat ulang baik error,1,0
8,mudah beli bahan bakar minyak,1,1
8,terima kasih mypertamina is good,1,1
8,praktis,0,1
8,bintang nol mah nol kali kali unggah ktp terang aplikasi baca si alas tolak foto aneh,-1,-1
8,canggih pertamina akan halus batas subsidi bahan bakar minyak guna mobil stnk proses urus gerai isi minyak nama pertamina boleh isi bahan bakar minyak subsidi barcode,1,0
8,baru aplikasi hapus,1,1
8,bantu masyarakat minyak habis langgar,0,-1
8,mantap,1,1
8,panggil video call antri tunggu jam susah,-1,-1
8,admin daftar alat tani yah,0,-1
8,kecewa aplikasi data hilang update masuk data error nomor handphone daftar akibat milik kendara rugi hilang barcode,-1,-1
8,keren,1,1
8,oke,1,1
8,buka menu bahan bakar minyak subsidi halaman muat,0,0
8,mudah,1,1
8,habis update error aplikasi dikte data hehehe,0,0
8,aplikasi,0,-1
8,aplikasi standar koruptor susah masyarakat unggah foto ktp bikin kesal ulang kali cacat,-1,-1
8,oke,1,1
8,mudah masyarakat sulit qr kode verifikasi tunggu tunggu gilir kedaluwarsa bantu nge email slow respon yah aplikasi pakai masyarakat moga depan,-1,-1
8,login daftar sandi reset login call gubris lempar kesana ujung ngapain,0,-1
8,good,1,1
8,susah,-1,-1
8,mantap bantu pegang uang tunai,1,1
8,daftar subsidi hasil foto id langsung tahap tolong aplikasi baik usaha bumn lho gara masalah salur subsidi hambat rakyat jelata beban pajak gilir subsidi sulit,1,-1
8,woii sulit kali daftar otp kasi kasih kek aplikasi sulit kali kelen,-1,-1
8,pasang sulit bikin barcode pusing,-1,-1
8,aplikasi bodoh orang belakang memvalidasi subsidi bodoh nama beli mobil bekas cash bpkb on hand langsung pilih menu ambil foto pilih foto galeri loh yah bilang data kendara valid bodoh,-1,-1
8,aplikasi mutu registrasi,0,0
8,aplikasi mumpuni susah orang,-1,-1
8,mudah bagus sistem,1,1
8,daftar subsidi mt pertamina gagal ktp daftar email mypertamina daftar email daftar email mypertamina suruh foto bpkb mobil kredit foto bpkb mohon solusi,-1,-1
8,ganti nomor handphone,0,-1
8,sulit rakyat daftar barcode sulit coba fitur daftar mudah verifikasi dar daftar,-1,-1
8,aplikasi tolol susah,-1,-1
8,barcode update pakai,0,0
8,pakai barcode blokir terang kendara kategori terima bahan bakar minyak subsidi tolong admin baik layan bikin susah,1,1
8,daftar akun alas nik ktp salah ulang cek salah input,-1,-1
8,kasih bintang ramai ramai,1,1
8,mantap,1,1
8,parah lupa print barcode ambil barcode susah mati,-1,-1
8,ubah daftar akun subsidi gagal daftar web halaman muat salah sistem mohon coba capai input data kali kali tolong baik mudah ikut bijak perintah terima kasih,1,-1
8,cepat,1,1
8,daftar muncul terang sistem sibuk coba admin,1,-1
8,baik roda wajib barcode,1,-1
8,bagus,1,1
8,sih aplikasi register masuk pakai nik sandi login nomor handphone sandi digit masuk login registrasi,0,-1
8,buruk aplikasi error data sesuai tolak bagus buruk update baru,-1,-1
8,mantap,1,1
8,qr bobol orang sesuai untuk,1,-1
8,alhamdulillah manfaat,1,0
8,lumayan voucher ribu,-1,1
8,pertamina mantap,1,1
8,klik tombol lanjut proses tambah kendara,0,1
8,layan bagus,1,1
8,untung perintah aplikasi parah masuk data gagal,-1,-1
8,kasih spbu pakai moga depan spbu pakai,0,0
8,lumayan sih,1,1
8,qr tampil,0,0
8,barcode cecer spbu salah jatah bahan bakar minyak ganti barcode susah lupa sandi kirim email riset email kirim mypertamina buka susah belanja uang negeri isi bahan bakar minyak pakai duit sulit,-1,-1
8,layan,0,1
8,mantap,1,1
8,perintah bikin rakyat susah suruh daftar oke ikut ehh aplikasi,0,-1
8,kecewa buruk produk bumn sistem buruk masuk akal kronologi aplikasi unit gagal tolak alas nomor polisi daftar pom tugas kantor pom bilang salah samsat polda metro salah sistem inti isi pertalite saran terap bijak benar sistem,-1,-1
8,komentar kawan,0,1
8,aplikasi bos niat sih susah,-1,-1
8,susah daftar gagal tradisi negara ampun,-1,-1
8,bagus,1,1
8,keren,1,1
8,isi volume silinder warna plat nomor aplikasi website,0,-1
8,bikin susah bantu rakyat indonesia,-1,-1
8,sebentar login ulang repot,0,-1
8,login login via browser aplikasi,0,0
8,aplikasi daftar,0,-1
8,sooooo,0,1
8,keren bantu kala pegang uang tunai isi tangki kosong,1,1
8,daftar kendara bulan respon,0,-1
8,daftar nomor handphone pin unduh aplikasi,0,-1
8,sulit daftar tambah data tolong baik aplikasi,-1,-1
8,bagus,1,1
8,bagus,1,1
8,mantap beli pakai mypertamina leb praktis cepat,1,1
8,barcode subsidi buka aplikasi masuk data nik salah nik ubah,-1,-1
8,aplikasi sulit baru barcode cek ricek detik barcode biar baru laksana kerja banyak kkn,1,-1
8,sistem buruk daftar subsidi salah sistem unggah data biar beli pertalite,-1,-1
8,good,1,1
8,tatap cuy,0,1
8,update data menu ambil foto ktp hasil foto tampil kosong ulang ulang ulang tunggu data otp menu gilir data otp masuk expired,0,-1
8,sistem beli bensin error beli bensin pom tunggu jam,0,-1
8,aplikasi kelas nasional,0,-1
8,aplikasi perintah error salah sistem ikut instruksi aduh anak magang,-1,-1
8,mantap,1,1
8,guna mudah memper sulit buruk daftar susah mental kocak,-1,-1
8,bagus,1,1
8,susah kode barcode gagal,-1,-1
8,pertamina,0,-1
8,alhamdulillah lancar aman,1,1
8,aplikasi sampah stnk plat nomor roda bilang tugas spbu barcode daftar roda suruh samsat urus hubung coba aplikasi hadir mudah sulit,-1,-1
8,alaahhhh susah aplikasi cilikkkk keluh keluh gilir uang cepat reng arak korupsi gilir arak arak daftar sulit zaman kesal panas handphone uang,-1,-1
8,aplikasi suruh unduh,0,-1
8,bagus,1,1
8,aplikasi bagus batas guna bahan bakar minyak subsidi,1,1
8,spbu semarang mypertamina,0,0
8,struk beli bayar mypertamina enak transaksi,1,1
9,pegawai pom banyak canda bicara isi,0,1
9,oke,1,1
9,login nomor pin,0,-1
9,baik pom ciatel,1,1
9,susah lambat,-1,-1
9,sulit masyarakat,-1,-1
9,tingkat bagus batu,1,1
9,bantu,0,0
9,bagus,1,1
9,foto aplikasi buram kali coba foto stnk gagal aplikasi sengaja susah registrasi aplikasi cus,-1,-1
9,update pakai curang spbu isi pegawai bilang pakai mypertamina pegawai kurang isi pegang lepas full tuas main pegawai jari tarik lepas isi curang isi drum dirigen tong laku layan isi aneh cctv bukti cek cctv,1,0
9,lumayan wlo susah daftar,1,-1
9,oke,1,1
9,aplikasi error,0,0
9,aplikasi pakai ambil foto izin aplikasi kamera izin admin,0,-1
9,sulit saat lihat barcode login daftar,-1,-1
9,susah payah dapat poin ratus angin hujan poin hilang refresh bodoh tuh poin terima kasih,-1,0
9,kamera buruk input foto,-1,-1
9,sulit ubah data kali foto stnk gagal kamera buram hadeuh sulit hidup sulit sulit ma aplikasi,-1,-1
9,fungsi,0,1
9,sistem masalah unggah dokumen kamera hasil buram aju tolak,0,-1
9,tolong baik subsidi tepat pegawai spbu barcode menit kemarin kemarin foto ubah kamera bawa handphone kamera google buruk buram,1,1
9,tugas spbu tolak isi bahan bakar pertalite alas barcode masalah,-1,-1
9,beli mobil second barcode isi bensin pertalite daftar daftar jual mobil barcode kak sulit beli bahan bakar mohon bijak terima kasih,1,-1
9,sulit daftar,-1,-1
9,sempurna,1,1
9,verifikasi email gagal kode otp aduh maksud hai mypertamina,-1,-1
9,sulit beli bahan bakar minyak pakai voucher kali kali gagal wal hasil tunggu jam isi bahan bakar minyak,-1,-1
9,bagus papua repot uang bayar duluan isi bahan bakar minyak,1,1
9,aplikasi ganggu talang jambe spbu palembang,0,-1
9,mantap,1,1
9,baik aplikasi ulang kali coba tolak sesuai nomor ktp maksud,1,-1
9,pertamina aplikasi update tanggal februari siang data mobil hilang mohon bantu,0,0
9,antri,0,0
9,pikir kasih bintang,1,1
9,pakai orang,0,-1
9,voucher potong harga isi bahan bakar minyak voucher pakai,0,-1
9,mudah aman,1,1
9,bantu,0,0
9,aplikasi plat merah payah data darimana roda roda payah,-1,-1
9,spbu tempat jalan betoambari kota baubau boleh bayar pakai mypertamina wajib bayar tunai sayang,0,1
9,keren,1,1
9,pegawai ramah pecat bintang sikap daerah bandar lampung samping sekolah taman siswa teluk betung perempuan tanggal februari jam nyaman layan peduli sombong,1,0
9,aplikasi bantu jangkau luas,-1,0
9,kelas pertamina bikin sesat,0,-1
9,mantap,1,1
9,logout login pakai nik,0,-1
9,mantap,1,1
9,orang susah kerja driver on line grab barcode subsidi mypertamina pakai subsidi pertamina jalan kerja driver online mohon sedia layan subsidi pertamina sudi bantu driver online terima kasih sedia aplikasi subsidi,1,0
9,oke,1,1
9,aplikasi pertamina susah rakyat isi formulir sulit bumn sengsara,-1,-1
9,mantap,1,1
9,oke bikin qr kode,1,1
9,mantap pom,1,1
9,bolak coba daftar kecewa aplikasi,-1,-1
9,halah ama web rusak,-1,1
9,oke,1,1
9,cepat,1,1
9,mutakhir biar cepat akses,1,1
9,gagal kendara temu harap laku baik data subsidi bahan bakar minyak data masuk sesuai,-1,-1
9,masuk nomor handphone tulis nomor daftar,0,-1
9,bantu,0,0
9,aplikasi guna sih sulit,-1,-1
9,aktivasi sulit susah orang,-1,-1
9,mantap pokok,1,1
9,baik,1,1
9,susah rakyat masuk data sesuai sistem ulang beli pertamax,-1,-1
9,bagus,1,1
9,daftar isi data tolak sih data beli minyak sulit lh minyak habis nii,-1,-1
9,bagus,1,1
9,update nama ubah dana data input hilang history beli bahan bakar minyak hilang parah data kendara hilang input malas ahh,-1,-1
9,terima kasih aplikasi mypertamina posisi spbu dekat,0,0
9,operasi mudah,1,1
9,daftar pertalite kasih solat mobil ss mitsubishi kacau,1,0
9,voucher,0,1
9,dllu kecewa pertamina terima saldo linkaja,-1,0
9,mantap adil,1,1
9,mantap percaya,-1,1
9,daftar salah sistem,0,-1
9,spbu,0,0
9,mantap,1,1
9,mantap,1,1
9,nge leg aplikasi danta sesal pakai aplikasi,0,1
9,good,1,1
9,atur susah barcode kuota nol lapor proses lapor instagram suruh tunggu gila,-1,-1
9,mantap bantu terima kasih mypertamina promo poin diskon harga voucher,1,1
9,subsidi mobil fortuner isi pertalite,1,-1
9,mohon nomor polisi tolak salah sulit saran pertamina buka stand daftar barcode spbu biar masyarakat awam notabene gagap teknologi sulit aju subsidi,-1,-1
9,mudah,1,1
9,sulit aplikasi,-1,-1
9,good,1,1
9,suka,0,1
9,paksa taat sulit kelas bumn sistem buruk,-1,-1
9,terima kasih mypertamina,0,1
9,unduh barcode sulit ampun muat halaman,-1,-1
9,xw fandyarief fffffffc,0,1
9,susah foto ktp maksimal mb ambil galeri langsung,-1,-1
9,mantap,1,1
9,website aplikasi daftar unit pemberitahuan gagal sistem email customer solusi gilir tunggu informasi pic daftar website coba pemberitahuan beres suruh ganti perangkat ganti kali handphone beda laptop beda kacau oh ll,-1,-1
9,error aplikasi,0,0
9,kasih rating bintang biar take down google barcode sesuai perintah aktual sulit ujung ujung presiden rumit,-1,-1
9,my pertamina kosong masuk daftar susah muat ulang,-1,-1
9,mudah,1,1
9,coba,0,-1
9,barcode solar kak,0,1
9,aplikasi tolong baik daftar mypertamina aplikasi unduh handphone daftar terang ganggu sistem huufffttt,1,-1
9,sinyal hilang bayar tunggu,0,-1
9,buruk aplikasi bisa roda pickup deteksi roda,-1,-1
9,cepat bayar,1,1
9,aplikasi unduh isi saldo gilir pakai pom bensin support,1,-1
9,mantap,1,1
9,unduh barcode verifikasi,0,-1
9,salah sistem rahasia langkah kuti teliti salah simpul sengaja sulit,-1,-1
9,unit susah barcode,-1,-1
9,daftar subsidi tepat sulit scan ktp langsung galeri ukur file foto batas mb foto ktp kali kali oke opsi ambil foto foto ktp unggah unggah foto surat surat pindai tolong opsi ambil galeri simpel meng unggah data,1,-1
9,susah,-1,-1
9,oke,1,1
9,daftar pakai eh hilang isi nik,-1,-1
9,mantap,1,1
9,nice bikin mudah bayar mantap dech mypertamina nice,1,1
9,unduh prioritas mah,0,-1
9,tolong bantu mudah daftar nasib orang beli kendara cash daftar foto bpkb,1,-1
9,oke,1,1
9,spbu rata mypertamina palembang daerah camat sukarami talang jambi,-1,0
9,alhamdulillah gampang cepat bikin foto mobil plat lihat foto stnk bela tinggal ikut aplikasi kode batang muncul menit langsung verifikasi tinggal unduh barcode print deh,1,-1
9,sulit isi bensin pakai aplikasi login ambil foto ktp aplikasi ulang sulit,-1,-1
9,daftar tolak alas nomor polisi salah,0,-1
9,ganggu isi pertamax,0,-1
9,gagal handphone kamera kentang,-1,-1
9,oke,1,1
9,error parah foto ktp error parah sih,-1,-1
9,oke,1,1
9,bayar eh update sebal tunggu aneh tanggal desember poin transaksi tanggal desember tahun poin hangus sistem,-1,-1
9,aplikasi guna,0,1
9,good,1,1
9,bantu,0,0
9,sempurna,1,1
9,aplikasi sumpah sial nafas terakir sanggup resign,1,0
9,sulit aplikasi buruk loading bikin antri,-1,-1
9,foto stnk aplikasi fungsi tolong baik biar aplikasi aplikasi crypto sat set langsung,1,1
9,guna bayar beli bahan bakar minyak spbu pertamina,0,0
9,sulit mesti gampang isi bahan bakar minyak,-1,-1
9,uud,0,1
9,tolol cacat barcode susah sulit foto stnk ambil gambar,-1,-1
10,aplikasi tingkat tolong baik susah indonesia tolong sulit mohon ambil foto stnk galeri handphone potret langsung tolong baik,1,1
10,saran depan sedia import gambar galeri stnk ktp kali gagal maklum handphone pada kamera,-1,-1
10,kesal kali foto stnk foto kamera foto anggap buram,-1,-1
10,mantap muas,1,1
10,daftar barcode qris update isi ulang haduuhhh sulit,-1,-1
10,sulit daftar bahan bakar minyak subsidi isi data jungkir habis kuota mudah rakyat selamat nikmat ruwet,1,-1
10,aplikasi bantu mudah,1,1
10,sulit bikin susah rakyat,-1,-1
10,buruk susah ambil subsidi negeri,-1,-1
10,mantap,1,1
10,klik ambil foto foto buram buruk susah,-1,-1
10,oke,1,1
10,update lokasi spbu nomor lokasi sesuai,0,0
10,tangan daftar unit lambat minggu daftar unit gara daftar roda mobil tuju subsidi sulit rakyat,-1,-1
10,sulit,-1,-1
10,susah daftar pakai ktp,-1,-1
10,puas,1,1
10,mobil daftar,0,-1
10,oke mantap laaaa,1,1
10,aman daftar unggah foto stnk sulit mohon aplikasi baik admin,1,1
10,kek bayar pakai gopay spbu mesin edc rusak rusak jamaah,-1,-1
10,moga,0,1
10,aplikasi rang foto data stnk aplikasi hasil buram tes kamera bawa handphone cerah saran tambah fitur unggah sistem kamera aplikasi kurang resolusi olah handphone kamera buruk,1,-1
10,aplikasi bagus tampil tagih gas kembang baik,1,1
10,kali kali coba daftar unit verifikasi tolak alas foto stnk baca baca kamera aplikasi bikin buram,-1,-1
10,cepat pakai mypertamina,1,1
10,aplikasi buruk ambil foto kamera buram mb sih bikin rakyat susah beli solar pom liter nelayan pakai barcode barcode beli ecer rasa beda uang si selisih pas harga tolong bikin aplikasi sulit pakai kuota nyekik,-1,-1
10,terima kasih,0,1
10,bagus,1,1
10,muat ulang,0,0
10,baik akses kamera ganggu,1,1
10,sulit daftar barcode ulang kerja ade,-1,-1
10,unduh isi jaga bilang pakai mypertamina,0,-1
10,cocok,1,1
10,pakai barcode ganti plat bikin barcode unggah stnk ganti handphone unggah galeri susah sih,-1,-1
10,error kirim data stnk foto kendaran,0,-1
10,coba daftar ulang kirim adu alamat email hasil kendara daftar isi formulir keluh kali unit daftar bantu,-1,-1
10,tolong sulit masyarakat ekonomi tengah bawah pasang aplikasi registrasi hasil registrasi tolak lengkap data mobil lcgc beli bahan bakar susah ampun,-1,-1
10,turun bintang,-1,1
10,kualitas bahan bakar minyak sampah mending isi shell vivo bp isi pertamax kaya ron cek tangki bahan bakar minyak keruh jernih,1,-1
10,oke,1,1
10,daftar subsidi salah sistem bulan baik,1,-1
10,layan,0,1
10,kasih barcode baca,0,0
10,oke,1,1
10,tolong benah aplikasi menu tukar poin kali barang kirim jelas korban php,1,-1
10,barcode ulang susah ampun susah rakyat,-1,-1
10,coba,0,-1
10,mantap,1,1
10,usaha pertamina bikin aplikasi lot,0,-1
10,mudah transaksi siap paket data handphone tab wifi spbu support mudah transaksi customer,1,1
10,tele tele proses,-1,1
10,praktis driver online bantu pakai mypertamina bayar pakai saldo ovo,0,0
10,oke,1,1
10,cepat,1,1
10,super,1,1
10,tolong mantap up pakai banking,1,1
10,update navigasi maps hubung kartu debit gagal ulang ulang,-1,-1
10,akun mypertamina sulit akun bikin sulit pakai ribu orang wajar error sulit buat,-1,-1
10,bantu,0,0
10,pom bensin ub samping rumah sakit antonio baturaja sumsel isi full bayar pakai mypertamina nominal full sistem rugi mantap up kena biaya lebih uang cash guna aplikasi rugi terima kasih,1,1
10,mantap,1,1
10,susah update,-1,-1
10,oke,1,1
10,cepat praktis terima kasih,1,1
10,good job,1,1
10,kali barcode mypertamina mudah lancar ridwanmanado,1,1
10,susah bikin,-1,-1
10,sulit paham guna as aplikasi mypertamina,-1,1
10,update masuk,0,-1
10,daftar input foto stnk gagal kasih pilih input galeri foto kendara,-1,-1
10,buka subsidi,0,-1
10,muas,1,1
10,mantap gopay,1,1
10,payah isi pertalite motor antri gilir isi karyawan pakai aplikasi antri antri mobil barcode pom rawakalong bekas pom kerawang karyawan terima tunai barcode pakai aplikasi pertamina aplikasi bikin pakai habis anggar,-1,-1
10,aplikasi cacat data base kendara tolak,0,-1
10,habis update aplikasi buka,0,-1
10,aplikasi,0,-1
10,data isi akun salah coba sulit bumn,-1,-1
10,bayar pakai aplikasi mypertamina tolak alas catat pakai pertamax,-1,-1
10,baik,1,1
10,ngawur beli bahan bakar minyak pakai barcode lihat transaksi,-1,0
10,suruh pakai daftar ulang benar deh terap masyarakat somplak,1,-1
10,bagusmudahpraktis,0,1
10,kode otp beberapa kasih kasih,1,0
10,sulit login,-1,-1
10,oke,1,1
10,bagus bantu driver susah uang tunai,1,1
10,mantap praktis manfaat,1,1
10,alhamdulillah suka mypertamina gampang perlu isi bahan bakar minyak kendala pilih bayar terima kasih mypertamina sukses guna setia,1,1
10,data tolak bukti bpkb tolak,0,-1
10,aplikasi sulit salah sistem,-1,-1
10,lot susah akses,-1,1
10,klaim terang kendara tangguh,1,1
10,payah daftar salah sistem baik woi aplikasi lol,1,-1
10,coba baik aplikasi daftar kartu debit metode bayar kali,0,1
10,bagus,1,1
10,buruk daftar sulit pesan sulit,-1,-1
10,bisa tugas spbu bilang barcode rusak tunda isi pertalite bahan bakar minyak habis lambat,-1,-1
10,subsidi bantu sulit,-1,-1
10,bagus,1,1
10,bagus,1,1
10,bayar mypertamina praktis simpel kurang nominal full tangki,1,0
10,salah sistem daftar subsidi subsidi tolong kondisi sistem ulang kali kali via aplikasi website kendala sistem solusi,-1,-1
10,anda langsung barcode biar bolak aplikasi,1,-1
10,simpel,0,0
10,recomended,0,1
10,buruk,-1,-1
10,alhamdulillah pasang daftar bahan bakar minyak subsidi nik pakai verifikasi email kirim email alamat saran alhamdulillah langsung balas ikut data baik alhamdulillah proses buka langsung muncul tampil daftar langsung ikut langkah barcode mudah terima kasih admin pertamina,1,-1
10,update,0,0
10,pin klaim barcode salah sistem,-1,-1
10,si aplikasi instansi bumn andal,0,0
10,aplikasi mypertamina good,1,1
10,aplikasi error layan buruk bikin adu subsidi bantu,-1,-1
10,kode qr aplikasi muncul kalimat halaman muat riwayat isi bahan bakar minyak muncul aplikasi,0,0
10,good,1,1
10,membntu,0,1
10,oke mypertamina,1,1
10,mudah isi praktis terima kasih,1,1
10,aplikasi sulit daftar barcode,-1,-1
10,mudah,1,1
10,sulit,-1,-1
10,daftar tolak,0,-1
10,bagus,1,1
10,alhamdulillah,0,1
10,mantap,1,1
10,login kode otp kunjung muncul via whatsapp,0,0
10,need improvement,0,0
10,aplikasi rusak error barcode isi suruh refresh benar tuh error jaring lancar install ulang error,0,-1
10,sulit,-1,-1
10,jijik aplikasi perintah bikin sulit tolol,-1,-1
10,mantap,1,1
10,oke,1,1
10,aju formulir aju banding kendara bikin barcode my pertamina kali email masuk tolak maju indonesia calo bikin gampang mudah,1,-1
10,aplikasi,0,-1
10,manfaat,0,0
10,pasang promo cashback astrapay maret hilang promo transaksi,0,0
10,bagus aplikasi mohon barcode cepat,1,1
10,aplikasi bikin susah rakyat,-1,-1
10,pertamina oye,0,1
10,admin tolong daftar barcode unggah stnk galeri minta tolong keluarga daftar susah foto stnk foto langsung,-1,-1
10,aplikasi guna,0,-1
10,aju ganti milik tolak data sesuai sulit beli bahan bakar minyak,0,-1
10,admin desa lengkap sih jawa timur tulungagung boyolangu desa serut malam akun paksa pilih lurah boyolangu,-1,0
